Symbol,EntryTimestampMarket,ExitTimestampMarket,Shares,EntryPrice,ExitPrice,PnL,TaxReserved,ExitReason,ResultR
GME,2026-01-13T15:15:00-05:00,2026-01-14T09:30:00-05:00,27,21.11082125,20.90702250,-5.50256626,0.00000000,ATR_STOP,-1.08342092
ERAS,2026-01-13T15:45:00-05:00,2026-01-14T09:45:00-05:00,16,7.26544500,8.08137732,13.05491713,2.09686950,ATR_TARGET,1.98524185
SLS,2026-01-14T09:45:00-05:00,2026-01-14T10:45:00-05:00,2,4.23657505,4.04166302,-0.38982406,-0.14423490,ATR_STOP,-1.01580960
CMPX,2026-01-13T15:30:00-05:00,2026-01-14T13:00:00-05:00,104,5.52914375,5.83719422,32.03724929,11.85378224,ATR_TARGET,1.97195430
PRME,2026-01-14T11:00:00-05:00,2026-01-14T13:45:00-05:00,1,4.35826625,4.41271323,0.05444698,0.02014538,ATR_STOP,0.30889088
BTE,2026-01-14T14:45:00-05:00,2026-01-14T15:00:00-05:00,1,3.45258750,3.38990110,-0.06268640,-0.02319397,ATR_STOP,-1.04230540
BEKE,2026-01-14T09:45:00-05:00,2026-01-15T09:45:00-05:00,32,17.37302000,17.41692750,1.40504000,0.51986480,STOP_GAP,0.25025424
KTOS,2026-01-14T13:15:00-05:00,2026-01-15T09:45:00-05:00,4,121.36095250,117.36943325,-15.96607699,-5.90744849,ATR_STOP,-1.02256816
BLNK,2026-01-14T10:00:00-05:00,2026-01-15T10:15:00-05:00,137,0.93179833,0.88759550,-6.05578723,-2.24064128,ATR_STOP,-1.01530197
DDD,2026-01-15T10:00:00-05:00,2026-01-15T10:45:00-05:00,15,2.54190500,2.44472930,-1.45763547,-0.53932512,ATR_STOP,-1.01924594
PLUG,2026-01-14T11:30:00-05:00,2026-01-15T15:00:00-05:00,1,2.38178500,2.28224073,-0.09954427,-0.03683138,ATR_STOP,-1.01750938
EOSE,2026-01-15T11:00:00-05:00,2026-01-15T15:15:00-05:00,3,18.11357500,17.20202350,-2.73465449,-1.01182216,ATR_STOP,-1.01436749
CCJ,2026-01-15T10:00:00-05:00,2026-01-16T09:30:00-05:00,4,112.33919125,116.29265233,15.81384431,5.85112240,ATR_TARGET,1.95679761
TNYA,2026-01-14T13:15:00-05:00,2026-01-16T10:15:00-05:00,149,0.74926153,0.72177443,-4.09557787,-1.51536381,ATR_STOP,-1.02010502
NXE,2026-01-16T09:45:00-05:00,2026-01-16T10:30:00-05:00,42,12.04903000,11.77155070,-11.65413049,-4.31202828,ATR_STOP,-1.03288847
BTU,2026-01-15T09:45:00-05:00,2026-01-16T14:15:00-05:00,15,36.23215375,36.87427285,9.63178644,3.56376098,ATR_STOP,0.71206806
AMC,2026-01-16T11:00:00-05:00,2026-01-16T15:00:00-05:00,300,1.67125250,1.60614498,-19.53225743,-7.22693525,ATR_STOP,-1.01886502
APPS,2026-01-16T09:45:00-05:00,2026-01-16T15:15:00-05:00,1,5.39404250,5.23972282,-0.15431968,-0.05709828,ATR_STOP,-1.02615082
GME,2026-01-15T10:30:00-05:00,2026-01-16T15:30:00-05:00,5,21.32097875,21.05115922,-1.34909765,-0.49916613,ATR_STOP,-1.06220086
DDD,2026-01-16T10:00:00-05:00,2026-01-20T09:30:00-05:00,1,2.73705125,2.58805750,-0.14899375,-0.05512769,STOP_GAP,-1.32660665
HIVE,2026-01-16T10:30:00-05:00,2026-01-20T09:30:00-05:00,31,3.49722095,3.25755500,-7.42964445,-0.33632856,STOP_GAP,-1.74750070
LUMN,2026-01-16T15:15:00-05:00,2026-01-20T09:30:00-05:00,58,8.50637500,8.10391750,-23.34253500,0.00000000,STOP_GAP,-2.31836544
USAS,2026-01-16T15:30:00-05:00,2026-01-20T09:30:00-05:00,1,6.46984875,6.87484000,0.40499125,0.00000000,TARGET_GAP,2.41628222
ERAS,2026-01-16T15:00:00-05:00,2026-01-20T09:30:00-05:00,56,9.67725250,9.26657870,-22.99773279,0.00000000,ATR_STOP,-1.01722772
MU,2026-01-20T09:30:00-05:00,2026-01-20T09:30:00-05:00,1,364.95351000,376.85317037,11.89966037,0.00000000,ATR_TARGET,1.95356426
NXE,2026-01-20T09:45:00-05:00,2026-01-20T10:00:00-05:00,46,12.03902250,11.76825510,-12.45530019,0.00000000,ATR_STOP,-1.03372146
INTC,2026-01-20T09:45:00-05:00,2026-01-20T10:30:00-05:00,11,48.05601500,50.15019661,23.03599774,0.00000000,ATR_TARGET,1.96468667
EOSE,2026-01-20T10:15:00-05:00,2026-01-20T14:30:00-05:00,4,17.97347000,17.07131909,-3.60860366,0.00000000,ATR_STOP,-1.01440746
ALB,2026-01-20T10:45:00-05:00,2026-01-21T09:30:00-05:00,3,169.05669750,176.60306006,22.63908769,0.00000000,ATR_TARGET,1.96547645
MRNA,2026-01-20T09:45:00-05:00,2026-01-21T09:45:00-05:00,3,42.36174750,45.03746196,8.02714339,0.00000000,ATR_TARGET,1.97504837
AMD,2026-01-20T10:15:00-05:00,2026-01-21T09:45:00-05:00,2,234.95608500,245.09027476,20.26837952,6.41966279,ATR_TARGET,1.96434327
APPS,2026-01-21T09:30:00-05:00,2026-01-21T09:45:00-05:00,12,5.51413250,5.34238869,-2.06092575,-0.76254253,ATR_STOP,-1.02390570
SLS,2026-01-20T10:45:00-05:00,2026-01-21T11:45:00-05:00,13,4.16281977,4.23633745,0.95572982,0.35362004,ATR_STOP,0.35898295
USAS,2026-01-22T09:45:00-05:00,2026-01-22T11:15:00-05:00,15,7.59068875,8.33016311,11.09211539,4.10408270,ATR_TARGET,1.98323163
PRME,2026-01-22T09:45:00-05:00,2026-01-22T13:15:00-05:00,1,4.20315000,4.52391368,0.32076368,0.11868256,ATR_TARGET,1.97905053
IAUX,2026-01-22T09:45:00-05:00,2026-01-22T14:30:00-05:00,329,1.77132750,1.79692193,8.42056676,3.11560970,ATR_STOP,0.41098550
CSIQ,2026-01-22T11:30:00-05:00,2026-01-23T09:30:00-05:00,5,21.34699825,23.08267500,8.67838375,3.21100199,TARGET_GAP,2.20294248
TNYA,2026-01-22T14:15:00-05:00,2026-01-23T09:30:00-05:00,6,0.77928402,0.74214298,-0.22284630,-0.08245313,STOP_GAP,-1.36160335
AMC,2026-01-22T13:00:00-05:00,2026-01-23T09:30:00-05:00,9,1.69627125,1.63562895,-0.54578066,-0.20193884,ATR_STOP,-1.02066228
ACHR,2026-01-22T14:45:00-05:00,2026-01-23T09:30:00-05:00,64,9.12533887,8.90152976,-14.32378361,-5.29979994,ATR_STOP,-1.03077060
BEKE,2026-01-22T09:45:00-05:00,2026-01-26T09:30:00-05:00,31,18.32373250,18.09613727,-7.05545221,-2.61051732,ATR_STOP,-1.06346480
CCJ,2026-01-23T10:30:00-05:00,2026-01-26T09:30:00-05:00,1,123.46252750,127.91145538,4.44892788,1.64610332,ATR_TARGET,1.95775269
IAUX,2026-01-23T09:45:00-05:00,2026-01-26T10:30:00-05:00,319,1.84138000,1.86196446,6.56644213,2.42958359,ATR_STOP,0.40007500
GDS,2026-01-26T11:15:00-05:00,2026-01-26T14:00:00-05:00,8,44.67348000,46.54590375,14.97938997,5.54237429,ATR_TARGET,1.96336754
STX,2026-01-26T11:00:00-05:00,2026-01-26T15:00:00-05:00,1,369.14164875,358.24231799,-10.89933076,-4.03275238,ATR_STOP,-1.02529371
MRNA,2026-01-26T15:30:00-05:00,2026-01-27T09:30:00-05:00,12,48.19612000,50.67417893,29.73670714,11.00258164,ATR_TARGET,1.96976729
SLS,2026-01-26T15:45:00-05:00,2026-01-27T09:45:00-05:00,35,4.31323250,4.16321026,-5.25077836,-1.94278799,ATR_STOP,-1.02127165
SOXL,2026-01-26T10:00:00-05:00,2026-01-27T10:30:00-05:00,9,61.72626000,65.40256004,33.08670035,12.24207913,ATR_TARGET,1.97364638
WTI,2026-01-27T09:45:00-05:00,2026-01-27T14:45:00-05:00,10,2.12679390,2.05913380,-0.67660097,-0.25034236,ATR_STOP,-1.02337623
GDS,2026-01-27T09:45:00-05:00,2026-01-28T09:30:00-05:00,12,47.87588000,46.29520036,-18.96815570,-7.01821761,ATR_STOP,-1.02247670
BE,2026-01-27T11:30:00-05:00,2026-01-28T09:30:00-05:00,3,147.03019000,158.23618494,33.61798482,12.43865438,ATR_TARGET,1.97902539
SEDG,2026-01-27T10:30:00-05:00,2026-01-28T09:45:00-05:00,4,35.28524410,35.45920019,0.69582435,0.25745501,ATR_STOP,0.18007208
USAS,2026-01-28T09:30:00-05:00,2026-01-28T10:00:00-05:00,2,9.49711750,9.13775849,-0.71871802,-0.26592567,ATR_STOP,-1.01945660
PLUG,2026-01-27T14:30:00-05:00,2026-01-28T10:30:00-05:00,1,2.45183750,2.61384570,0.16200820,0.05994303,ATR_TARGET,1.97607056
NXE,2026-01-27T11:30:00-05:00,2026-01-28T11:45:00-05:00,11,12.77637510,13.38074282,6.64804488,2.45977661,ATR_TARGET,1.96730823
NIO,2026-01-28T09:45:00-05:00,2026-01-28T11:45:00-05:00,132,4.70852875,4.62310251,-11.27626324,-4.17221740,ATR_STOP,-1.04233877
WTI,2026-01-28T10:00:00-05:00,2026-01-28T14:15:00-05:00,74,2.15661625,2.07871526,-5.76467305,-2.13292903,ATR_STOP,-1.02043739
CCJ,2026-01-28T09:45:00-05:00,2026-01-28T15:15:00-05:00,3,128.62639750,132.96867139,13.02682166,4.81992401,ATR_TARGET,1.95506544
NXE,2026-01-28T12:00:00-05:00,2026-01-28T15:45:00-05:00,46,13.28996000,13.91495943,28.74997376,10.63749029,ATR_TARGET,1.96712830
ALB,2026-01-29T09:45:00-05:00,2026-01-29T09:45:00-05:00,3,186.94010000,182.37073233,-13.70810301,-5.07199811,ATR_STOP,-1.03088124
ASTS,2026-01-28T13:45:00-05:00,2026-01-29T10:00:00-05:00,1,121.70120750,116.36833956,-5.33286794,-1.97316114,ATR_STOP,-1.01665071
CCJ,2026-01-28T15:45:00-05:00,2026-01-29T10:00:00-05:00,4,133.51005750,130.26135249,-12.99482005,-4.80808342,ATR_STOP,-1.03102867
USAS,2026-01-28T15:45:00-05:00,2026-01-29T10:00:00-05:00,7,9.24693000,8.89841382,-2.43961323,-0.90265689,ATR_STOP,-1.01953800
MRNA,2026-01-29T10:30:00-05:00,2026-01-29T12:00:00-05:00,13,47.29544500,45.74066875,-20.21209125,-7.47847376,STOP_GAP,-1.02342860
TSLZ,2026-01-29T09:45:00-05:00,2026-01-29T12:00:00-05:00,4,12.80459625,13.03490487,0.92123448,0.34085676,ATR_STOP,0.54943821
WTI,2026-01-29T15:45:00-05:00,2026-01-30T09:30:00-05:00,4,2.24168000,2.16620480,-0.30190081,-0.11170330,ATR_STOP,-1.02201608
NIO,2026-01-29T13:15:00-05:00,2026-01-30T09:45:00-05:00,127,4.81861125,4.85574204,4.71561001,1.74477570,ATR_STOP,0.28596894
TNYA,2026-01-29T14:30:00-05:00,2026-01-30T09:45:00-05:00,765,0.80310187,0.75751915,-34.87078806,-12.90219158,ATR_STOP,-1.01263082
LUMN,2026-01-30T09:45:00-05:00,2026-01-30T11:15:00-05:00,1,9.21190375,8.91021662,-0.30168713,-0.11162424,ATR_STOP,-1.02267014
TSLA,2026-01-30T10:45:00-05:00,2026-02-02T09:30:00-05:00,1,436.68727000,420.93406250,-15.75320750,-5.82868678,STOP_GAP,-1.60572402
TSLL,2026-01-30T10:45:00-05:00,2026-02-02T09:30:00-05:00,34,17.58317750,16.35772250,-41.66547000,-14.98325411,STOP_GAP,-1.62408722
TSLT,2026-01-30T10:45:00-05:00,2026-02-02T09:30:00-05:00,7,24.54839750,22.84285500,-11.93879750,0.00000000,STOP_GAP,-1.64919658
ERAS,2026-01-29T15:15:00-05:00,2026-02-02T09:30:00-05:00,7,10.32273625,10.76167554,3.07257500,0.00000000,ATR_TARGET,1.96386123
TNYA,2026-02-02T09:45:00-05:00,2026-02-02T13:30:00-05:00,708,0.80920645,0.87349641,45.51729260,13.12792615,ATR_TARGET,1.97981036
VISN,2026-02-02T10:15:00-05:00,2026-02-02T14:30:00-05:00,5,18.50386750,18.76616886,1.31150680,0.48525751,ATR_STOP,0.59836090
LUMN,2026-02-02T09:45:00-05:00,2026-02-02T15:00:00-05:00,62,9.22191125,8.89363406,-20.35318587,-7.53067877,ATR_STOP,-1.02075619
TSLQ,2026-02-03T09:30:00-05:00,2026-02-03T14:00:00-05:00,29,19.81485000,20.71579511,26.12740825,9.66714105,ATR_TARGET,1.96606958
TSLZ,2026-02-03T09:30:00-05:00,2026-02-03T14:00:00-05:00,45,12.86964500,13.43655678,25.51103028,9.43908120,ATR_TARGET,1.96504320
TNYA,2026-02-03T15:15:00-05:00,2026-02-04T09:30:00-05:00,665,0.90808055,0.85968007,-32.18631669,-11.90893718,ATR_STOP,-1.01351148
CMPX,2026-02-04T09:45:00-05:00,2026-02-04T09:45:00-05:00,89,6.55491250,6.37022105,-16.43753923,-6.08188952,ATR_STOP,-1.02657577
IAUX,2026-02-04T09:30:00-05:00,2026-02-04T10:30:00-05:00,311,1.88141000,1.82183198,-18.52876299,-6.85564231,ATR_STOP,-1.02349055
GME,2026-02-04T10:30:00-05:00,2026-02-04T12:30:00-05:00,22,25.09881000,24.34591476,-16.56369539,-0.34225815,ATR_STOP,-1.02487421
TSLZ,2026-02-04T10:45:00-05:00,2026-02-04T12:45:00-05:00,42,13.49011000,14.36566769,36.77342307,7.81985739,ATR_TARGET,1.97566998
TSLQ,2026-02-04T10:45:00-05:00,2026-02-04T12:45:00-05:00,1,20.73554000,22.12222670,1.38668670,0.51307408,ATR_TARGET,1.97633545
INTC,2026-02-04T15:00:00-05:00,2026-02-05T09:30:00-05:00,11,49.48208375,47.55430750,-21.20553875,-7.84604934,STOP_GAP,-1.40673688
ERAS,2026-02-04T15:15:00-05:00,2026-02-05T10:15:00-05:00,3,11.18838500,11.36488208,0.52949123,0.11745099,ATR_STOP,0.46700617
BTE,2026-02-03T09:45:00-05:00,2026-02-05T10:30:00-05:00,31,3.48261000,3.39062543,-2.85152156,-0.60433312,ATR_STOP,-1.02845356
TSLZ,2026-02-05T09:45:00-05:00,2026-02-05T11:15:00-05:00,37,14.47084500,14.62661150,5.76336067,1.68171359,ATR_STOP,0.28236031
GME,2026-02-04T14:45:00-05:00,2026-02-09T09:45:00-05:00,23,24.92868250,24.27789811,-14.96804108,-1.68171359,ATR_STOP,-1.02880679
BTU,2026-02-09T10:15:00-05:00,2026-02-10T09:45:00-05:00,14,37.69825250,36.56647373,-15.84490277,0.00000000,ATR_STOP,-1.02485250
BTE,2026-02-09T11:30:00-05:00,2026-02-10T12:15:00-05:00,9,3.60770375,3.54941223,-0.52462367,0.00000000,ATR_STOP,-1.04789104
ERAS,2026-02-05T11:45:00-05:00,2026-02-11T10:00:00-05:00,9,12.03902250,11.49574005,-4.88954209,0.00000000,ATR_STOP,-1.01613805
VISN,2026-02-10T10:00:00-05:00,2026-02-11T10:00:00-05:00,26,19.66473750,19.29677051,-9.56714168,0.00000000,ATR_STOP,-1.04097345
IAUX,2026-02-10T14:15:00-05:00,2026-02-11T12:15:00-05:00,16,1.98648875,2.07890050,1.47858807,0.00000000,ATR_TARGET,1.96679130
WTI,2026-02-11T11:45:00-05:00,2026-02-12T09:30:00-05:00,210,2.63697625,2.55376893,-17.47353635,0.00000000,ATR_STOP,-1.02357918
IAUX,2026-02-11T12:30:00-05:00,2026-02-12T09:30:00-05:00,41,2.08656375,2.21113230,5.10731038,0.00000000,ATR_TARGET,1.97370485
TSLA,2026-02-12T09:45:00-05:00,2026-02-12T10:00:00-05:00,1,434.38554500,427.69465704,-6.69088796,0.00000000,ATR_STOP,-1.05039529
IAUX,2026-02-12T09:45:00-05:00,2026-02-12T11:15:00-05:00,94,2.10157500,2.02542482,-7.15811704,0.00000000,ATR_STOP,-1.02036995
NIO,2026-02-12T10:30:00-05:00,2026-02-12T11:15:00-05:00,84,5.09882125,4.99685979,-8.56476263,0.00000000,ATR_STOP,-1.03818775
ERAS,2026-02-12T14:45:00-05:00,2026-02-12T15:45:00-05:00,43,12.52939000,12.12811514,-17.25481919,0.00000000,ATR_STOP,-1.02321154
GCTS,2026-02-05T11:30:00-05:00,2026-02-19T09:30:00-05:00,458,1.26594875,1.18483429,-37.15042143,0.00000000,ATR_STOP,-1.01108496
SLS,2026-02-19T09:45:00-05:00,2026-02-19T11:00:00-05:00,136,3.84107865,4.05872813,29.60032871,0.00000000,ATR_TARGET,1.97239340
KTOS,2026-02-19T09:45:00-05:00,2026-02-19T11:45:00-05:00,5,101.16081375,101.22558338,0.32384815,0.00000000,ATR_STOP,0.02089821
MRNA,2026-02-19T13:00:00-05:00,2026-02-19T14:45:00-05:00,11,47.84585750,50.39994325,28.09494324,0.00000000,ATR_TARGET,1.97081051
LUMN,2026-02-19T15:30:00-05:00,2026-02-20T09:30:00-05:00,68,8.06604500,7.89407500,-11.69396000,0.00000000,STOP_GAP,-1.06446800
MU,2026-02-20T09:30:00-05:00,2026-02-20T09:30:00-05:00,1,415.49138500,428.52163518,13.03025018,0.00000000,ATR_TARGET,1.95182216
KTOS,2026-02-20T09:30:00-05:00,2026-02-20T09:30:00-05:00,1,105.76426375,102.82166075,-2.94260300,0.00000000,ATR_STOP,-1.02693284
WTI,2026-02-19T15:00:00-05:00,2026-02-20T09:45:00-05:00,204,2.67200250,2.56646656,-21.52933240,0.00000000,ATR_STOP,-1.01859185
NXE,2026-02-19T10:30:00-05:00,2026-02-20T10:00:00-05:00,9,12.06904500,12.62196522,4.97628201,0.00000000,ATR_TARGET,1.96630980
BTE,2026-02-23T09:45:00-05:00,2026-02-23T10:45:00-05:00,140,3.83607490,3.77079983,-9.13850948,0.00000000,ATR_STOP,-1.04532356
WTI,2026-02-23T09:45:00-05:00,2026-02-23T11:15:00-05:00,47,2.71703625,2.62178973,-4.47658658,0.00000000,ATR_STOP,-1.02109611
TSLQ,2026-02-23T09:45:00-05:00,2026-02-23T15:45:00-05:00,24,21.70626750,22.14190442,10.45528618,0.00000000,ATR_STOP,0.68462993
TSLZ,2026-02-23T12:45:00-05:00,2026-02-24T09:30:00-05:00,37,14.58092750,14.21930103,-13.38017922,0.00000000,ATR_STOP,-1.03040991
ACHR,2026-02-23T15:45:00-05:00,2026-02-24T09:30:00-05:00,16,6.96522000,6.78941961,-2.81280627,0.00000000,ATR_STOP,-1.02985209
ERAS,2026-02-24T09:30:00-05:00,2026-02-24T11:30:00-05:00,40,13.03977250,13.60722796,22.69821832,0.00000000,ATR_TARGET,1.96464034
QUBT,2026-02-25T09:45:00-05:00,2026-02-25T10:15:00-05:00,1,8.17112375,8.64039153,0.46926778,0.00000000,ATR_TARGET,1.97273729
CCJ,2026-02-25T09:45:00-05:00,2026-02-25T15:15:00-05:00,4,122.68194250,120.28371241,-9.59292036,0.00000000,ATR_STOP,-1.03911719
WTI,2026-02-25T14:00:00-05:00,2026-02-26T09:30:00-05:00,1,2.57693125,2.46814750,-0.10878375,0.00000000,STOP_GAP,-1.47732384
BE,2026-02-25T09:45:00-05:00,2026-02-26T09:30:00-05:00,3,173.48001250,167.06481169,-19.24560243,0.00000000,ATR_STOP,-1.01993585
USAS,2026-02-25T09:45:00-05:00,2026-02-26T09:30:00-05:00,19,8.89666750,8.57743340,-6.06544792,0.00000000,ATR_STOP,-1.02058178
GME,2026-02-25T15:30:00-05:00,2026-02-26T10:15:00-05:00,19,24.20634115,24.18575119,-0.39120932,0.00000000,ATR_STOP,-0.08067811
ABCL,2026-02-26T09:45:00-05:00,2026-02-26T10:15:00-05:00,2,3.30387605,3.18246643,-0.24281924,0.00000000,ATR_STOP,-1.02006908
QUBT,2026-02-26T09:45:00-05:00,2026-02-26T11:45:00-05:00,17,9.03677250,8.72480437,-5.30345818,0.00000000,ATR_STOP,-1.02144104
BBBY,2026-02-25T10:30:00-05:00,2026-02-26T13:15:00-05:00,1,5.82436500,5.54024409,-0.28412091,0.00000000,ATR_STOP,-1.01485306
CLOV,2026-02-26T09:45:00-05:00,2026-02-27T09:30:00-05:00,250,2.11158250,2.05845500,-13.28187500,0.00000000,STOP_GAP,-1.05332136
USAS,2026-02-26T13:45:00-05:00,2026-02-27T09:30:00-05:00,17,9.05678750,9.48817449,7.33357880,0.00000000,ATR_TARGET,1.96751957
TSLZ,2026-02-26T10:30:00-05:00,2026-02-27T10:15:00-05:00,34,13.68525625,13.79889159,3.86360145,0.00000000,ATR_STOP,0.33976736
CLOV,2026-02-27T10:30:00-05:00,2026-02-27T11:15:00-05:00,209,2.24668375,2.14491207,-21.27028062,0.00000000,ATR_STOP,-1.01607291
SGML,2026-02-27T09:30:00-05:00,2026-02-27T11:45:00-05:00,33,15.64172250,14.76691179,-28.86875340,0.00000000,ATR_STOP,-1.01283217
IAUX,2026-02-27T09:45:00-05:00,2026-03-02T09:30:00-05:00,80,2.01150750,2.14838750,10.95040000,0.00000000,TARGET_GAP,2.46471265
WTI,2026-02-27T14:15:00-05:00,2026-03-02T09:30:00-05:00,191,2.64198000,3.15763000,98.48915000,0.00000000,TARGET_GAP,5.64619969
TPET,2026-02-27T14:45:00-05:00,2026-03-02T09:30:00-05:00,1051,0.41050765,1.04921250,671.27879735,222.50939797,TARGET_GAP,27.69235471
TSLZ,2026-03-02T09:45:00-05:00,2026-03-02T10:45:00-05:00,6,14.46083750,14.01392089,-2.68149965,-0.99215487,ATR_STOP,-1.02410259
NXE,2026-03-02T09:30:00-05:00,2026-03-02T11:00:00-05:00,64,12.59944250,13.02759964,27.40205673,10.13876099,ATR_TARGET,1.95534484
SOXS,2026-03-02T09:45:00-05:00,2026-03-02T12:15:00-05:00,2,376.28200000,359.83762319,-32.88875363,-12.16883884,ATR_STOP,-1.01669815
MRNA,2026-03-02T13:00:00-05:00,2026-03-02T14:00:00-05:00,14,54.67597625,52.87783540,-25.17397188,-9.31436960,ATR_STOP,-1.02256992
ACHR,2026-03-02T09:45:00-05:00,2026-03-03T09:30:00-05:00,1,7.21540750,7.33449500,0.11908750,0.04406237,STOP_GAP,0.50337236
ABCL,2026-03-02T13:00:00-05:00,2026-03-03T09:30:00-05:00,2,3.65774125,3.64726250,-0.02095750,-0.00775427,STOP_GAP,-0.08088217
NXE,2026-03-02T14:45:00-05:00,2026-03-03T09:30:00-05:00,56,13.29496375,12.64051250,-36.64927000,-13.56022990,STOP_GAP,-2.17345030
HIVE,2026-03-02T10:45:00-05:00,2026-03-03T09:30:00-05:00,1,2.19174258,2.10442668,-0.08731590,-0.03230688,ATR_STOP,-1.01842280
GME,2026-03-02T11:00:00-05:00,2026-03-03T09:30:00-05:00,3,24.12808250,23.74205776,-1.15807423,-0.42848746,ATR_STOP,-1.04839673
ERAS,2026-03-02T13:00:00-05:00,2026-03-04T10:30:00-05:00,56,14.17562375,14.39441280,12.25218668,4.53330907,ATR_STOP,0.55976042
MRNA,2026-03-09T09:45:00-04:00,2026-03-09T10:15:00-04:00,14,55.17635125,52.92524078,-31.51554654,-11.66075222,ATR_STOP,-1.01796326
TPET,2026-03-09T09:45:00-04:00,2026-03-09T12:30:00-04:00,155,2.18163500,1.79937355,-59.25052402,-21.92269389,ATR_STOP,-1.00354556
BTE,2026-03-09T10:45:00-04:00,2026-03-09T13:15:00-04:00,5,4.08306000,3.98069914,-0.51180430,-0.18936759,ATR_STOP,-1.03006614
TNYA,2026-03-09T09:45:00-04:00,2026-03-09T14:30:00-04:00,1,0.93580133,0.95546334,0.01966202,0.00727495,ATR_STOP,0.26920966
GME,2026-03-09T10:45:00-04:00,2026-03-10T09:30:00-04:00,30,24.41830000,24.54158000,3.69840000,1.36840800,STOP_GAP,0.31135522
IVVD,2026-03-09T09:45:00-04:00,2026-03-10T09:30:00-04:00,241,1.86299620,2.01703076,37.12232879,13.73526165,ATR_TARGET,1.98053458
DDD,2026-03-09T14:15:00-04:00,2026-03-10T09:30:00-04:00,9,2.39679625,2.66493237,2.41322509,0.89289328,ATR_TARGET,1.98519118
MRNA,2026-03-10T09:30:00-04:00,2026-03-10T09:30:00-04:00,13,55.32146000,53.61391592,-22.19807298,-8.21328700,ATR_STOP,-1.02413515
ERAS,2026-03-10T09:45:00-04:00,2026-03-10T11:15:00-04:00,47,16.04202250,15.46660757,-27.04450166,-10.00646561,ATR_STOP,-1.02058981
PLUG,2026-03-10T10:30:00-04:00,2026-03-10T13:45:00-04:00,4,2.24668375,2.15725349,-0.35772103,-0.13235678,ATR_STOP,-1.01843906
ERAS,2026-03-10T13:00:00-04:00,2026-03-10T14:45:00-04:00,1,16.02200750,15.50515453,-0.51685297,-0.19123560,ATR_STOP,-1.02303492
VISN,2026-03-10T10:00:00-04:00,2026-03-10T15:45:00-04:00,25,18.18372758,17.66724398,-12.91208991,-4.77747327,ATR_STOP,-1.02635089
SLS,2026-03-09T12:45:00-04:00,2026-03-11T09:45:00-04:00,51,5.85939125,5.57456180,-14.52630176,-5.37473165,ATR_STOP,-1.01490871
NIO,2026-03-10T13:30:00-04:00,2026-03-11T09:45:00-04:00,1,5.53915125,5.67728343,0.13813218,0.05110891,ATR_STOP,0.72424195
INTC,2026-03-10T12:00:00-04:00,2026-03-12T09:45:00-04:00,15,47.72576750,46.50622616,-18.29312006,-6.91868233,ATR_STOP,-1.02946548
NVTS,2026-03-13T09:45:00-04:00,2026-03-13T10:45:00-04:00,2,10.71553062,10.19449562,-1.04207001,-0.38556590,ATR_STOP,-1.01490428
VISN,2026-03-13T09:45:00-04:00,2026-03-13T11:30:00-04:00,40,18.14860125,17.79299915,-14.22408388,-5.26291104,ATR_STOP,-1.03902080
TSLQ,2026-03-13T15:30:00-04:00,2026-03-16T09:30:00-04:00,1,22.71702500,22.10341000,-0.61361500,-0.22703755,STOP_GAP,-1.25536328
NIO,2026-03-13T09:45:00-04:00,2026-03-16T09:30:00-04:00,125,5.83567348,6.17099771,41.91553000,15.50874610,ATR_TARGET,1.97275105
CAPR,2026-03-16T09:45:00-04:00,2026-03-16T13:45:00-04:00,23,31.75379750,30.23340663,-34.96899009,-12.93852633,ATR_STOP,-1.01515129
DDD,2026-03-16T09:45:00-04:00,2026-03-16T15:30:00-04:00,10,2.51688625,2.42867390,-0.88212353,-0.32638570,ATR_STOP,-1.02110063
VIST,2026-03-13T14:45:00-04:00,2026-03-16T15:45:00-04:00,11,64.71850250,65.71450534,10.95603123,4.05373155,ATR_STOP,0.83190146
SEDG,2026-03-16T15:00:00-04:00,2026-03-17T12:00:00-04:00,17,40.22014250,42.58421609,40.18925097,14.87002286,ATR_TARGET,1.97332082
TNYA,2026-03-16T09:30:00-04:00,2026-03-18T09:30:00-04:00,31,0.87065250,0.83673253,-1.05151901,-0.38906203,ATR_STOP,-1.01886403
BTU,2026-03-19T09:45:00-04:00,2026-03-19T10:30:00-04:00,20,36.97771250,39.34074285,47.26060703,17.48642460,ATR_TARGET,1.97531704
BTE,2026-03-19T10:45:00-04:00,2026-03-19T13:30:00-04:00,180,4.24818375,4.17284308,-13.56132091,-5.01768874,ATR_STOP,-1.04337402
VSXY,2026-03-19T09:45:00-04:00,2026-03-20T09:45:00-04:00,15,47.97595500,46.73900434,-18.55425997,-6.86507619,ATR_STOP,-1.02918832
PLUG,2026-03-19T15:15:00-04:00,2026-03-20T13:30:00-04:00,323,2.38168493,2.29473662,-28.08430258,-10.39119195,ATR_STOP,-1.02020915
LUMN,2026-03-19T15:15:00-04:00,2026-03-20T13:30:00-04:00,4,6.82011125,6.64353063,-0.70632250,-0.26133932,ATR_STOP,-1.02905918
PLUG,2026-03-23T14:45:00-04:00,2026-03-24T09:30:00-04:00,2,2.34675875,2.25830500,-0.17690750,-0.06545578,STOP_GAP,-1.14276199
EVLV,2026-03-23T09:45:00-04:00,2026-03-24T09:30:00-04:00,131,5.68426000,5.74822256,8.37909518,3.10026522,ATR_STOP,0.45373117
FROG,2026-03-23T10:00:00-04:00,2026-03-24T09:30:00-04:00,2,43.64020563,42.11445226,-3.05150674,-1.12905749,ATR_STOP,-1.02115562
QS,2026-03-23T14:45:00-04:00,2026-03-24T09:45:00-04:00,3,7.06529500,6.89039642,-0.52469574,-0.19413742,ATR_STOP,-1.03047057
PLTR,2026-03-23T09:45:00-04:00,2026-03-24T10:00:00-04:00,4,157.88832750,153.93350970,-15.81927120,-5.85313034,ATR_STOP,-1.03009334
NIO,2026-03-24T09:45:00-04:00,2026-03-24T13:45:00-04:00,20,5.88941375,5.75654991,-2.65727670,-0.98319238,ATR_STOP,-1.03361246
BTE,2026-03-24T10:15:00-04:00,2026-03-24T14:15:00-04:00,148,4.19814625,4.10504284,-13.77930463,-5.09834271,ATR_STOP,-1.03422588
LUMN,2026-03-24T10:00:00-04:00,2026-03-24T15:30:00-04:00,3,6.97522750,6.78119215,-0.58210605,-0.21537924,ATR_STOP,-1.02693744
SEDG,2026-03-24T15:15:00-04:00,2026-03-25T09:30:00-04:00,2,48.67648000,46.76490000,-3.82316000,-1.41456920,STOP_GAP,-1.48829489
AMD,2026-03-24T14:45:00-04:00,2026-03-25T09:30:00-04:00,3,206.00438750,213.65403102,22.94893056,8.49110431,ATR_TARGET,1.95893452
RIVN,2026-03-25T09:30:00-04:00,2026-03-25T10:45:00-04:00,7,16.27219500,15.91858171,-2.47529300,-0.91585841,ATR_STOP,-1.03496959
PLUG,2026-03-24T15:15:00-04:00,2026-03-25T11:00:00-04:00,6,2.31673625,2.32090499,0.02501241,0.00925459,ATR_STOP,0.05671280
ERAS,2026-03-25T11:15:00-04:00,2026-03-25T15:30:00-04:00,2,15.50161750,15.73644427,0.46965354,0.17377181,ATR_STOP,0.45786889
BTE,2026-03-26T09:30:00-04:00,2026-03-26T09:45:00-04:00,7,4.20315000,4.20672596,0.02503175,0.00926175,ATR_STOP,0.06144002
SEDG,2026-03-25T11:00:00-04:00,2026-03-26T10:45:00-04:00,2,50.13757500,51.20722647,2.13930295,0.79154209,ATR_STOP,0.60264881
LUMN,2026-03-25T09:45:00-04:00,2026-03-26T12:45:00-04:00,91,6.92498985,6.75930624,-15.07720846,-5.57856713,ATR_STOP,-1.03158754
PRME,2026-03-26T10:00:00-04:00,2026-03-26T14:15:00-04:00,8,3.78283500,3.66050964,-0.97860290,-0.36208307,ATR_STOP,-1.02297617
BRZE,2026-03-26T11:45:00-04:00,2026-03-27T10:00:00-04:00,4,23.14734750,22.07297090,-4.29750638,-1.59007736,ATR_STOP,-1.01566176
BTU,2026-03-24T09:45:00-04:00,2026-03-27T12:00:00-04:00,19,37.93342875,38.84838741,17.38421453,6.43215938,ATR_STOP,0.65687049
SOXS,2026-03-27T09:30:00-04:00,2026-03-30T09:30:00-04:00,1,419.71455000,419.68500000,-0.02955000,-0.01093350,STOP_GAP,-0.00252223
WTI,2026-03-27T09:45:00-04:00,2026-03-30T09:30:00-04:00,71,3.38253500,3.61229843,16.31320347,6.03588528,ATR_TARGET,1.97667482
SEDG,2026-03-27T11:45:00-04:00,2026-03-30T10:15:00-04:00,1,51.68873750,49.89634487,-1.79239263,-0.66318527,ATR_STOP,-1.02133993
SOXS,2026-03-30T09:45:00-04:00,2026-03-30T12:15:00-04:00,1,443.13210000,479.12826170,35.99616170,13.31857983,ATR_TARGET,1.98021685
BTE,2026-03-30T09:30:00-04:00,2026-03-30T15:30:00-04:00,168,4.38328500,4.30874225,-12.52318137,-4.63357711,ATR_STOP,-1.04535182
TSLZ,2026-03-30T12:30:00-04:00,2026-03-31T09:30:00-04:00,30,17.06278750,16.86234375,-6.01331250,-2.22492563,STOP_GAP,-0.42972224
SGML,2026-03-31T09:45:00-04:00,2026-03-31T10:15:00-04:00,2,12.00900000,13.57434073,3.13068146,1.15835214,ATR_TARGET,1.98706670
WTI,2026-03-30T09:45:00-04:00,2026-03-31T12:30:00-04:00,1,3.51263250,3.56441628,0.05178378,0.01916000,ATR_STOP,0.38509059
ECHO,2026-03-31T09:45:00-04:00,2026-03-31T15:45:00-04:00,4,115.39648250,117.52102735,8.49817940,3.14432638,ATR_STOP,0.66862072
EVLV,2026-03-31T10:00:00-04:00,2026-04-01T09:30:00-04:00,1,5.86439500,6.14646933,0.28207433,0.10436750,ATR_TARGET,1.96781646
BTE,2026-04-01T09:30:00-04:00,2026-04-01T09:45:00-04:00,108,4.38328500,4.26463665,-12.81402215,-4.74118819,ATR_STOP,-1.02772584
IAUX,2026-03-31T09:45:00-04:00,2026-04-01T10:15:00-04:00,511,1.46609875,1.57749687,56.92444108,21.06204320,ATR_TARGET,1.97896628
NXE,2026-03-31T12:45:00-04:00,2026-04-01T12:00:00-04:00,2,11.55365875,11.85743087,0.60754424,0.22479137,ATR_STOP,1.02722153
ECHO,2026-04-01T12:15:00-04:00,2026-04-02T09:30:00-04:00,6,122.73198000,118.24125250,-26.94436500,-9.96941505,STOP_GAP,-1.15981558
BRZE,2026-03-30T09:45:00-04:00,2026-04-07T09:30:00-04:00,11,23.40754250,22.63350364,-8.51442741,-3.15033814,ATR_STOP,-1.02243953
ECHO,2026-04-08T09:45:00-04:00,2026-04-08T10:00:00-04:00,6,126.28464250,123.52002410,-16.58771043,-6.13745286,ATR_STOP,-1.03469787
TWLO,2026-04-08T09:45:00-04:00,2026-04-08T14:45:00-04:00,5,135.67167750,132.52798069,-15.71848403,-5.81583909,ATR_STOP,-1.03267516
MIST,2026-04-08T13:30:00-04:00,2026-04-09T09:45:00-04:00,5,1.73500027,1.88142855,0.73214139,-0.06618116,ATR_TARGET,1.98089656
VISN,2026-04-08T15:45:00-04:00,2026-04-09T10:15:00-04:00,35,18.60394250,18.74543740,4.95232140,1.83235892,ATR_STOP,0.44506130
TNYA,2026-04-09T09:30:00-04:00,2026-04-09T11:45:00-04:00,41,0.72054000,0.76867336,1.97346790,0.73018312,ATR_TARGET,1.97631147
PLUG,2026-04-08T09:45:00-04:00,2026-04-09T13:45:00-04:00,27,2.63147213,2.74418185,3.04316250,1.12597013,ATR_STOP,0.85795600
ADMA,2026-04-08T12:30:00-04:00,2026-04-09T15:00:00-04:00,76,9.70727500,9.94968345,18.42304234,6.81652567,ATR_STOP,1.04476135
NIO,2026-04-10T09:45:00-04:00,2026-04-10T10:30:00-04:00,119,6.33474750,6.39271472,6.89809949,2.55229681,ATR_STOP,0.33651827
AMC,2026-04-10T09:45:00-04:00,2026-04-10T12:00:00-04:00,545,1.39604625,1.32657710,-37.86068452,-14.00845327,ATR_STOP,-1.01454110
MIST,2026-04-10T10:00:00-04:00,2026-04-10T14:15:00-04:00,1,2.11158250,1.99134658,-0.12023592,-0.04448729,ATR_STOP,-1.01258729
HIVE,2026-04-10T10:45:00-04:00,2026-04-10T15:30:00-04:00,348,2.16662375,2.09130640,-26.21043789,-9.69786202,ATR_STOP,-1.02128415
ADMA,2026-04-10T15:00:00-04:00,2026-04-13T09:45:00-04:00,75,9.81235375,10.11823147,22.94082866,8.48810661,ATR_TARGET,1.95154676
VISN,2026-04-10T15:45:00-04:00,2026-04-13T09:45:00-04:00,39,18.95920875,18.75311928,-8.03748923,-2.97387101,ATR_STOP,-1.07330398
NIO,2026-04-13T09:30:00-04:00,2026-04-13T10:15:00-04:00,1,6.58493500,6.45322667,-0.13170833,-0.04873208,ATR_STOP,-1.03817886
MRNA,2026-04-13T10:00:00-04:00,2026-04-13T10:45:00-04:00,14,52.93967500,51.55116444,-19.43914785,-7.19248470,ATR_STOP,-1.02866489
PLUG,2026-04-13T10:00:00-04:00,2026-04-14T10:15:00-04:00,266,2.79209250,2.99430875,53.78952129,19.90212288,ATR_TARGET,1.97801646
TNYA,2026-04-13T10:30:00-04:00,2026-04-14T11:30:00-04:00,10,0.72554375,0.77909797,0.53554223,0.19815063,ATR_TARGET,1.97839775
AMC,2026-04-13T11:00:00-04:00,2026-04-14T11:45:00-04:00,522,1.39604625,1.52517857,67.40707190,24.94061660,ATR_TARGET,1.98242603
TNYA,2026-04-14T11:45:00-04:00,2026-04-14T14:00:00-04:00,12,0.77668208,0.74584992,-0.36998582,-0.13689475,ATR_STOP,-1.01849237
QS,2026-04-14T15:30:00-04:00,2026-04-15T09:30:00-04:00,1,6.80510000,7.08942355,0.28432355,0.10519971,ATR_TARGET,1.96325802
MVST,2026-04-14T12:00:00-04:00,2026-04-15T10:00:00-04:00,447,1.72629375,1.83612359,49.09393683,18.16475663,ATR_TARGET,1.97521533
PLUG,2026-04-14T10:30:00-04:00,2026-04-15T11:30:00-04:00,259,2.99194227,2.86306046,-33.38038993,-12.35074427,ATR_STOP,-1.01695619
LUMN,2026-04-15T09:45:00-04:00,2026-04-15T13:45:00-04:00,1,8.16612000,8.63260005,0.46648005,0.17259762,ATR_TARGET,1.97260099
MIST,2026-04-15T11:30:00-04:00,2026-04-16T09:30:00-04:00,4,2.14660875,2.30157590,0.61986861,0.22935138,ATR_TARGET,1.97795103
MNTS,2026-04-15T12:00:00-04:00,2026-04-16T09:30:00-04:00,57,7.31548250,6.28471050,-58.75400418,-21.73898155,ATR_STOP,-1.00459729
OTLK,2026-04-15T14:30:00-04:00,2026-04-16T09:45:00-04:00,33,0.26619950,0.27009727,0.12862657,0.04759183,STOP_GAP,0.35688917
RIVN,2026-04-15T10:15:00-04:00,2026-04-16T09:45:00-04:00,49,16.19713875,16.49303922,14.49912295,5.36467549,ATR_STOP,0.86922284
CSIQ,2026-04-16T09:45:00-04:00,2026-04-16T10:00:00-04:00,7,14.13259150,13.73283147,-2.79832019,-1.03537847,ATR_STOP,-1.02646626
AAOI,2026-04-16T09:45:00-04:00,2026-04-16T11:15:00-04:00,2,144.40822500,146.15058987,3.48472975,1.28935001,ATR_STOP,0.26453117
AMC,2026-04-15T12:00:00-04:00,2026-04-16T12:45:00-04:00,208,1.62121500,1.54941963,-14.93343596,-5.52537131,ATR_STOP,-1.01646463
TNYA,2026-04-15T12:15:00-04:00,2026-04-17T10:00:00-04:00,1,0.75536610,0.76810752,0.01274142,0.00471433,ATR_STOP,0.48974505
PLUG,2026-04-16T14:15:00-04:00,2026-04-17T10:45:00-04:00,116,2.84283053,2.87042636,3.20111667,1.18441317,ATR_STOP,0.34586350
AMC,2026-04-17T10:15:00-04:00,2026-04-17T12:00:00-04:00,2,1.70627875,1.87899769,0.34543787,0.12781201,ATR_TARGET,1.98380162
SOXL,2026-04-16T11:15:00-04:00,2026-04-17T12:15:00-04:00,5,88.42627000,94.23605458,29.04892291,10.74810148,ATR_TARGET,1.97594425
JMIA,2026-04-16T11:15:00-04:00,2026-04-17T13:15:00-04:00,1,7.89091375,8.17948661,0.28857286,0.10677196,ATR_STOP,1.06576900
BBBY,2026-04-17T14:00:00-04:00,2026-04-17T15:15:00-04:00,86,5.52914375,5.81155543,24.28740451,8.98633967,ATR_TARGET,1.96957922
SLS,2026-04-16T12:00:00-04:00,2026-04-17T15:45:00-04:00,58,4.96372000,5.21947719,14.83391719,5.48854936,ATR_TARGET,1.96982728
LUMN,2026-04-17T11:30:00-04:00,2026-04-20T09:30:00-04:00,37,8.75656250,8.46364750,-10.83785500,-4.01000635,STOP_GAP,-1.25811630
OTLK,2026-04-17T15:30:00-04:00,2026-04-20T09:30:00-04:00,1603,0.30933183,0.34374200,55.15951052,20.40901889,TARGET_GAP,2.37603052
MU,2026-04-16T10:15:00-04:00,2026-04-20T10:00:00-04:00,1,458.59368750,447.61850079,-10.97518671,-4.06081908,ATR_STOP,-1.03157805
SLS,2026-04-20T09:30:00-04:00,2026-04-20T11:00:00-04:00,155,5.26394500,5.28490590,3.24893923,1.20210752,ATR_STOP,0.13897076
BLNK,2026-04-20T10:00:00-04:00,2026-04-20T11:00:00-04:00,2,0.73054750,0.74432823,0.02756145,0.01019774,ATR_STOP,0.39223556
PLUG,2026-04-20T10:45:00-04:00,2026-04-20T13:00:00-04:00,1,2.86204493,3.05319655,0.19115162,0.07072610,ATR_TARGET,1.97630710
DDD,2026-04-20T09:30:00-04:00,2026-04-20T15:15:00-04:00,148,2.21165750,2.32150668,16.25767911,6.01534127,ATR_TARGET,1.96877119
NVTS,2026-04-20T11:30:00-04:00,2026-04-21T09:30:00-04:00,13,13.01975750,14.43416625,18.38731375,6.80330609,TARGET_GAP,2.20204912
BE,2026-04-20T11:30:00-04:00,2026-04-21T09:30:00-04:00,3,214.69089750,230.36256919,47.01501506,17.39555557,ATR_TARGET,1.97817529
SGML,2026-04-20T10:15:00-04:00,2026-04-21T10:00:00-04:00,21,20.89566000,21.58510226,14.47828743,5.35696635,ATR_STOP,0.83665521
ECHO,2026-04-21T09:45:00-04:00,2026-04-21T10:00:00-04:00,2,136.40222500,133.99196680,-4.82051639,-1.78359107,ATR_STOP,-1.04354240
MU,2026-04-21T09:45:00-04:00,2026-04-21T10:30:00-04:00,1,452.94945750,444.88550927,-8.06394823,-2.98366085,ATR_STOP,-1.04319704
AFRM,2026-04-20T15:30:00-04:00,2026-04-21T10:45:00-04:00,5,66.90013750,67.35142278,2.25642640,0.83487777,ATR_STOP,0.41811443
AMD,2026-04-21T10:15:00-04:00,2026-04-21T11:00:00-04:00,3,281.47094500,276.50666424,-14.89284229,-5.51035165,ATR_STOP,-1.04362976
MVST,2026-04-21T10:30:00-04:00,2026-04-21T11:00:00-04:00,2,1.97147750,1.91556800,-0.11181900,-0.04137303,ATR_STOP,-1.02639450
MRNA,2026-04-21T10:45:00-04:00,2026-04-21T11:00:00-04:00,8,55.90189500,54.06455487,-14.69872104,-5.43852679,ATR_STOP,-1.02258444
BLNK,2026-04-20T14:00:00-04:00,2026-04-21T14:15:00-04:00,12,0.79069258,0.74660234,-0.52908285,-0.19576065,ATR_STOP,-1.01287328
OTLK,2026-04-21T15:15:00-04:00,2026-04-22T09:30:00-04:00,2453,0.32324225,0.28958265,-82.56699880,-30.54978956,STOP_GAP,-1.33558931
WTI,2026-04-22T09:30:00-04:00,2026-04-22T09:45:00-04:00,1,3.25243750,3.41835809,0.16592059,0.06139062,ATR_TARGET,1.96954419
ABCL,2026-04-22T09:30:00-04:00,2026-04-22T10:15:00-04:00,182,4.05303750,4.08431971,5.69336168,2.10654382,ATR_STOP,0.31421668
LUMN,2026-04-21T15:00:00-04:00,2026-04-22T13:45:00-04:00,95,8.74655500,9.08090989,31.76371498,11.75257454,ATR_TARGET,1.96004467
CCJ,2026-04-22T10:30:00-04:00,2026-04-23T09:30:00-04:00,6,121.54108750,129.04314500,45.01234500,16.65456765,TARGET_GAP,2.77056661
BTE,2026-04-22T13:00:00-04:00,2026-04-23T09:30:00-04:00,3,4.44333000,4.57981039,0.40944118,0.15149324,ATR_TARGET,1.95086493
QUBT,2026-04-20T10:15:00-04:00,2026-04-23T10:00:00-04:00,1,9.77732750,9.36783763,-0.40948987,-0.15151125,ATR_STOP,-1.01747049
NXE,2026-04-22T14:45:00-04:00,2026-04-23T10:00:00-04:00,64,12.85463375,13.01871568,10.50124328,3.88546001,ATR_STOP,0.63949604
NVTS,2026-04-22T14:45:00-04:00,2026-04-23T10:00:00-04:00,1,17.69336008,18.19062572,0.49726564,0.18398829,ATR_STOP,0.52358173
EOSE,2026-04-22T15:30:00-04:00,2026-04-23T10:00:00-04:00,1,7.31047875,7.08099907,-0.22947968,-0.08490748,ATR_STOP,-1.02370904
AMC,2026-04-23T09:45:00-04:00,2026-04-23T13:00:00-04:00,437,1.75131250,1.67774819,-32.14760491,-11.89461382,ATR_STOP,-1.01741587
BE,2026-04-23T11:00:00-04:00,2026-04-23T13:00:00-04:00,3,240.88052500,233.59608976,-21.85330572,-8.08572312,ATR_STOP,-1.02466253
ERAS,2026-04-23T11:30:00-04:00,2026-04-23T13:15:00-04:00,6,23.54764750,22.49126759,-6.33827947,-2.34516340,ATR_STOP,-1.01623966
CSIQ,2026-04-23T14:30:00-04:00,2026-04-23T15:15:00-04:00,55,13.94044750,14.79004305,46.72775499,17.28926935,ATR_TARGET,1.97420494
PLUG,2026-04-23T15:45:00-04:00,2026-04-24T11:30:00-04:00,254,3.16237000,3.34482260,46.34295974,17.14689510,ATR_TARGET,1.97285405
PLUG,2026-04-24T11:45:00-04:00,2026-04-24T13:15:00-04:00,248,3.35251250,3.20628446,-36.26455471,-13.41788524,ATR_STOP,-1.01673267
ERAS,2026-04-24T13:30:00-04:00,2026-04-27T09:30:00-04:00,37,21.82635750,20.68447500,-42.24965250,-15.63237143,STOP_GAP,-1.22355989
BTE,2026-04-23T14:15:00-04:00,2026-04-27T09:30:00-04:00,179,4.56342000,4.69659561,23.83843362,8.82022044,ATR_TARGET,1.94842615
ABCL,2026-04-27T09:45:00-04:00,2026-04-27T11:15:00-04:00,1,4.31323250,4.16032738,-0.15290512,-0.05657489,ATR_STOP,-1.02084747
TSLQ,2026-04-27T09:45:00-04:00,2026-04-27T13:00:00-04:00,1,23.96796250,23.19380505,-0.77415745,-0.28643826,ATR_STOP,-1.02300421
VISN,2026-04-27T09:30:00-04:00,2026-04-27T15:30:00-04:00,40,19.37952375,19.45759413,3.12281515,1.15544160,ATR_STOP,0.32832745
CLOV,2026-04-27T14:00:00-04:00,2026-04-27T15:30:00-04:00,1,2.45684125,2.54976525,0.09292400,0.03438188,ATR_TARGET,1.95964141
LUMN,2026-04-27T13:30:00-04:00,2026-04-28T09:30:00-04:00,3,9.02176125,8.80339250,-0.65510625,-0.24238931,STOP_GAP,-1.11899385
INTC,2026-04-27T15:45:00-04:00,2026-04-28T09:30:00-04:00,9,84.50333000,81.21904000,-29.55861000,-10.93668570,STOP_GAP,-1.55173003
SEDG,2026-04-27T09:45:00-04:00,2026-04-28T09:30:00-04:00,17,47.53562500,45.58001912,-33.24530001,-12.30076100,ATR_STOP,-1.01780512
OTLK,2026-04-24T10:30:00-04:00,2026-04-28T10:00:00-04:00,8,0.30012492,0.28141582,-0.14967286,-0.05537896,ATR_STOP,-1.01141862
BTE,2026-04-28T09:45:00-04:00,2026-04-29T09:30:00-04:00,168,4.81861125,5.03222300,35.88677400,13.27810638,TARGET_GAP,2.64325412
CSIQ,2026-04-28T12:00:00-04:00,2026-04-29T09:30:00-04:00,52,14.77107000,14.18181646,-30.64118429,-11.33723819,ATR_STOP,-1.01839643
CLOV,2026-04-29T09:30:00-04:00,2026-04-29T09:45:00-04:00,319,2.59194250,2.52819285,-20.33613748,-7.52437087,ATR_STOP,-1.03067913
TPET,2026-04-29T12:45:00-04:00,2026-04-29T15:45:00-04:00,32,0.52319210,0.57202809,1.56275168,0.57821812,ATR_TARGET,1.98257017
BTE,2026-04-29T09:45:00-04:00,2026-04-30T09:30:00-04:00,151,4.97953185,5.02622750,7.05104315,2.60888597,STOP_GAP,0.51614342
EVLV,2026-04-29T10:30:00-04:00,2026-04-30T09:45:00-04:00,116,6.90017125,6.95315717,6.14636692,2.22729554,ATR_STOP,0.41330064
STX,2026-04-30T10:00:00-04:00,2026-04-30T12:00:00-04:00,1,676.90229625,649.49089453,-27.41140172,-10.14221864,ATR_STOP,-1.01810597
TPET,2026-04-30T09:30:00-04:00,2026-04-30T15:00:00-04:00,1421,0.55041250,0.51730353,-47.04784149,-17.40770135,ATR_STOP,-1.01186615
CSIQ,2026-04-30T12:30:00-04:00,2026-04-30T15:45:00-04:00,43,15.09131000,15.29839391,8.90460818,3.29470503,ATR_STOP,0.47944905
FIVN,2026-04-30T15:15:00-04:00,2026-05-01T09:30:00-04:00,44,17.12283250,20.16486500,133.84943000,49.52428910,TARGET_GAP,8.53901482
ABCL,2026-05-01T09:30:00-04:00,2026-05-01T09:30:00-04:00,199,4.15311250,4.05778800,-18.96957634,-7.01874325,ATR_STOP,-1.03300458
CLOV,2026-04-30T11:00:00-04:00,2026-05-01T09:45:00-04:00,47,2.66699875,2.68298625,0.75141250,0.27802262,STOP_GAP,0.20118585
STX,2026-05-01T09:30:00-04:00,2026-05-01T09:45:00-04:00,1,667.51025750,708.45720062,40.94694312,15.15036895,ATR_TARGET,1.97436072
GCTS,2026-05-01T11:30:00-04:00,2026-05-04T09:30:00-04:00,1,1.56117000,1.71474931,0.15357931,0.05682434,ATR_TARGET,1.98337886
PRCH,2026-05-01T09:45:00-04:00,2026-05-04T09:45:00-04:00,17,9.87750258,10.31931505,7.51081215,2.77900049,ATR_STOP,1.02611597
SOXL,2026-05-01T09:45:00-04:00,2026-05-04T10:15:00-04:00,6,127.78576750,130.06719915,13.68858989,5.06477826,ATR_STOP,0.52294977
VUZI,2026-04-30T15:30:00-04:00,2026-05-04T12:00:00-04:00,4,2.80710375,2.70394775,-0.41262401,-0.15267088,ATR_STOP,-1.02006875
QS,2026-05-01T10:00:00-04:00,2026-05-04T12:45:00-04:00,1,7.34550500,7.12133328,-0.22417172,-0.08294354,ATR_STOP,-1.02442576
INTC,2026-05-01T10:00:00-04:00,2026-05-05T09:30:00-04:00,7,98.43377000,104.87692215,45.10206507,16.68776407,ATR_TARGET,1.97586068
SLS,2026-05-04T10:00:00-04:00,2026-05-05T09:30:00-04:00,34,5.14385500,4.99049070,-5.21438632,-1.92932294,ATR_STOP,-1.02503483
BTE,2026-05-04T12:00:00-04:00,2026-05-05T10:15:00-04:00,154,5.02876875,5.17590700,22.65928974,8.38393720,ATR_TARGET,1.94855298
TSLL,2026-05-04T13:30:00-04:00,2026-05-05T10:15:00-04:00,1,13.23992250,13.36408311,0.12416061,0.04593942,ATR_STOP,0.26300668
TNYA,2026-05-05T09:30:00-04:00,2026-05-05T12:15:00-04:00,8,0.79859850,0.76656050,-0.25630398,-0.09483247,ATR_STOP,-1.01828682
PENG,2026-05-05T09:45:00-04:00,2026-05-05T14:15:00-04:00,3,33.48539522,35.63289931,6.44251225,2.38372953,ATR_TARGET,1.97539865
HIVE,2026-05-05T11:30:00-04:00,2026-05-06T09:30:00-04:00,1,2.70832973,2.90282125,0.19449152,0.07196186,TARGET_GAP,2.06094456
QUBT,2026-05-05T14:30:00-04:00,2026-05-06T09:30:00-04:00,11,9.53194360,9.99111395,5.05087383,1.86882332,ATR_TARGET,1.96786178
ACHR,2026-05-05T15:00:00-04:00,2026-05-06T09:30:00-04:00,1,5.79934625,6.08580022,0.28645397,0.10598797,ATR_TARGET,1.96860870
TWLO,2026-05-05T09:45:00-04:00,2026-05-06T09:45:00-04:00,4,193.94535000,193.79454500,-0.60322000,-0.22319140,STOP_GAP,-0.03087763
REPL,2026-05-06T09:30:00-04:00,2026-05-06T10:15:00-04:00,1,2.90217500,3.25471947,0.35254447,0.13044145,ATR_TARGET,1.98623685
TNYA,2026-05-06T10:30:00-04:00,2026-05-06T11:30:00-04:00,4,0.81981440,0.78371846,-0.14438378,-0.05342200,ATR_STOP,-1.01656626
QUBT,2026-05-06T09:45:00-04:00,2026-05-07T09:30:00-04:00,88,10.03752250,10.02247750,-1.32396000,-0.48986520,STOP_GAP,-0.04796837
PLUG,2026-05-05T10:30:00-04:00,2026-05-07T09:45:00-04:00,244,3.32749375,3.18538947,-34.67344379,-12.82917420,ATR_STOP,-1.01711242
APP,2026-05-07T10:15:00-04:00,2026-05-07T11:00:00-04:00,1,472.69425500,506.90646789,34.21221289,12.65851877,ATR_TARGET,1.97800314
TNYA,2026-05-07T11:45:00-04:00,2026-05-07T12:45:00-04:00,991,0.82191598,0.79522236,-26.45337212,-9.78774768,ATR_STOP,-1.02287122
HIVE,2026-05-06T09:45:00-04:00,2026-05-07T13:15:00-04:00,2,2.92219000,2.80148625,-0.24140750,-0.08932078,ATR_STOP,-1.01772911
FIVN,2026-05-07T09:45:00-04:00,2026-05-07T15:15:00-04:00,1,23.16736250,22.30378647,-0.86357603,-0.31952313,ATR_STOP,-1.01976818
FROG,2026-05-07T15:00:00-04:00,2026-05-08T09:30:00-04:00,14,57.19286250,66.30023750,127.50325000,47.17620250,TARGET_GAP,7.27475705
CSIQ,2026-05-07T15:30:00-04:00,2026-05-08T09:30:00-04:00,1,17.48310250,18.48392661,1.00082411,0.37030492,ATR_TARGET,1.97265520
VISN,2026-05-08T09:30:00-04:00,2026-05-08T09:30:00-04:00,74,12.00900000,11.79998714,-15.46695159,-5.72277209,ATR_STOP,-1.04424860
AFRM,2026-05-07T09:45:00-04:00,2026-05-08T09:45:00-04:00,1,67.96093250,68.94685105,0.98591855,0.36478986,STOP_GAP,0.57429379
AAOI,2026-05-08T09:45:00-04:00,2026-05-08T10:15:00-04:00,5,174.36067250,163.70684941,-53.26911543,-19.70957271,ATR_STOP,-1.01166773
REPL,2026-05-06T13:15:00-04:00,2026-05-08T13:15:00-04:00,1,3.35751625,3.98700750,0.62949125,0.23291176,TARGET_GAP,2.77453240
MVST,2026-05-08T09:45:00-04:00,2026-05-08T14:30:00-04:00,47,2.00470240,2.14289208,6.49491506,2.40311857,ATR_TARGET,1.97699002
CLOV,2026-05-08T12:30:00-04:00,2026-05-08T15:00:00-04:00,294,2.84713375,3.01581955,49.59362618,18.34964169,ATR_TARGET,1.97351775
TNYA,2026-05-08T13:00:00-04:00,2026-05-11T09:30:00-04:00,2,0.91958918,1.03922000,0.23926165,0.08852681,TARGET_GAP,2.64057183
USAS,2026-05-08T15:30:00-04:00,2026-05-11T09:30:00-04:00,5,6.55991625,6.91481000,1.77446875,0.65655344,TARGET_GAP,2.17302007
TWLO,2026-05-07T09:45:00-04:00,2026-05-11T09:30:00-04:00,4,197.15775750,200.54926819,13.56604277,5.01943582,ATR_STOP,0.71175989
BLNK,2026-05-08T14:30:00-04:00,2026-05-11T10:00:00-04:00,5,0.85894372,0.92453900,0.32797635,0.12135125,ATR_TARGET,1.97906372
IAUX,2026-05-08T15:15:00-04:00,2026-05-11T10:30:00-04:00,596,1.56617375,1.58358941,10.37973375,3.84050149,ATR_STOP,0.42587030
SLS,2026-05-11T09:45:00-04:00,2026-05-11T11:15:00-04:00,1,5.13214623,5.38880322,0.25665699,0.09496309,ATR_TARGET,1.96897115
HIVE,2026-05-11T10:15:00-04:00,2026-05-11T13:30:00-04:00,1,2.89717125,3.11633302,0.21916177,0.08108985,ATR_TARGET,1.97888040
ECHO,2026-05-11T09:45:00-04:00,2026-05-11T15:15:00-04:00,6,127.78076375,129.52887044,10.48864013,3.88079685,ATR_STOP,0.65440271
DDD,2026-05-11T13:45:00-04:00,2026-05-11T15:15:00-04:00,10,2.56692375,2.48556199,-0.81361760,-0.30103851,ATR_STOP,-1.02346742
CSIQ,2026-05-11T09:45:00-04:00,2026-05-12T09:30:00-04:00,3,20.51537500,19.58008280,-2.80587661,-1.03817435,ATR_STOP,-1.01596366
TSLR,2026-05-11T11:30:00-04:00,2026-05-12T09:30:00-04:00,1,27.57066250,28.18225210,0.61158960,0.22628815,ATR_STOP,0.57124657
FROG,2026-05-11T15:45:00-04:00,2026-05-12T09:30:00-04:00,4,68.76153250,66.74681627,-8.05886494,-2.98178003,ATR_STOP,-1.02549996
AAOI,2026-05-11T10:45:00-04:00,2026-05-12T09:45:00-04:00,5,178.68391250,189.12761799,52.21852743,19.32085515,ATR_STOP,0.75938388
APP,2026-05-11T15:30:00-04:00,2026-05-12T12:45:00-04:00,1,474.23541000,479.52105484,5.28564484,1.95568859,ATR_STOP,0.48620105
REPL,2026-05-12T09:45:00-04:00,2026-05-12T12:45:00-04:00,103,3.94525673,4.13276444,19.31329479,7.14591907,ATR_STOP,0.74016482
JMIA,2026-05-12T12:15:00-04:00,2026-05-13T09:30:00-04:00,13,7.64072625,7.80480204,2.13298523,0.78920453,ATR_STOP,0.69034546
TNYA,2026-05-12T10:15:00-04:00,2026-05-13T09:45:00-04:00,781,1.06079500,0.96754294,-72.82985541,-26.94704650,ATR_STOP,-1.00784864
CLOV,2026-05-12T14:30:00-04:00,2026-05-13T11:15:00-04:00,270,3.31248250,3.48445292,46.43201321,17.17984489,ATR_TARGET,1.97003992
BLNK,2026-05-13T11:00:00-04:00,2026-05-13T13:15:00-04:00,3,0.94610905,0.89133491,-0.16432241,-0.06079929,ATR_STOP,-1.01236487
REPL,2026-05-13T10:00:00-04:00,2026-05-13T14:00:00-04:00,170,4.59374273,5.39315203,135.89958144,50.28284513,ATR_TARGET,1.98992379
CMPX,2026-05-11T10:30:00-04:00,2026-05-14T09:30:00-04:00,1,1.85639125,1.91856000,0.06216875,0.02300244,STOP_GAP,0.83959880
PLUG,2026-05-13T14:30:00-04:00,2026-05-14T09:30:00-04:00,218,3.98438605,3.75415701,-50.18993142,-18.57027463,ATR_STOP,-1.01239046
NVTS,2026-05-13T09:45:00-04:00,2026-05-14T10:45:00-04:00,5,20.32523250,22.98806056,13.31414030,4.92623191,ATR_TARGET,1.98712429
SLS,2026-05-13T14:00:00-04:00,2026-05-14T11:30:00-04:00,7,6.26969875,7.04957173,5.45911084,2.01987101,ATR_TARGET,1.98652219
BE,2026-05-13T11:30:00-04:00,2026-05-15T09:30:00-04:00,3,293.03961500,286.57490750,-19.39412250,-7.17582533,STOP_GAP,-0.49306835
QUBT,2026-05-14T11:00:00-04:00,2026-05-15T09:30:00-04:00,9,11.81875743,11.11926119,-6.29546610,-2.32932246,ATR_STOP,-1.01207509
HIVE,2026-05-14T11:00:00-04:00,2026-05-15T09:30:00-04:00,2,2.91718625,2.78680414,-0.26076423,-0.09648276,ATR_STOP,-1.01630419
WTI,2026-05-14T09:45:00-04:00,2026-05-15T09:45:00-04:00,189,4.41330750,4.70667152,55.44579940,20.51494578,ATR_TARGET,1.97620281
ASPN,2026-05-14T11:45:00-04:00,2026-05-15T10:00:00-04:00,8,5.87940625,5.61097370,-2.14746038,-0.79456034,ATR_STOP,-1.01593888
TWLO,2026-05-15T10:15:00-04:00,2026-05-18T09:30:00-04:00,4,199.42946000,193.87584235,-22.21447060,-8.21935412,ATR_STOP,-1.02690704
APP,2026-05-15T10:00:00-04:00,2026-05-18T10:30:00-04:00,2,495.92166250,500.96866889,10.09401277,3.73478473,ATR_STOP,0.34846824
WTI,2026-05-18T11:00:00-04:00,2026-05-18T14:15:00-04:00,209,4.78858875,4.87907237,18.91107654,6.99709832,ATR_STOP,0.59246717
VUZI,2026-05-18T15:15:00-04:00,2026-05-19T09:30:00-04:00,237,3.58268500,4.06601687,114.54965231,42.38337136,ATR_TARGET,1.98745105
REPL,2026-05-15T10:30:00-04:00,2026-05-19T09:45:00-04:00,19,5.25894125,4.84035972,-7.95304916,-2.94262819,ATR_STOP,-1.00875529
ASTS,2026-05-18T15:15:00-04:00,2026-05-19T10:00:00-04:00,11,85.98444000,81.94505255,-44.43326196,-16.44030693,ATR_STOP,-1.01546172
SOXS,2026-05-19T10:15:00-04:00,2026-05-19T11:30:00-04:00,9,109.18182500,102.01951262,-64.46081143,-23.85050023,ATR_STOP,-1.01080650
GCTS,2026-05-19T13:30:00-04:00,2026-05-20T09:30:00-04:00,1,2.68701375,3.22258125,0.53556750,0.19815997,TARGET_GAP,2.44324016
BTE,2026-05-19T12:00:00-04:00,2026-05-20T10:15:00-04:00,177,5.32288918,5.23170538,-16.13953138,-5.97162661,ATR_STOP,-1.04500179
ADMA,2026-05-19T09:45:00-04:00,2026-05-20T13:15:00-04:00,108,8.50637500,8.63106688,13.46672257,4.98268735,ATR_STOP,0.89324208
CLOV,2026-05-19T10:45:00-04:00,2026-05-20T14:45:00-04:00,9,3.45759125,3.55737944,0.89809374,0.33229469,ATR_STOP,0.88542816
NVTS,2026-05-20T10:30:00-04:00,2026-05-20T15:30:00-04:00,44,20.97572000,23.24249316,99.73801885,36.90306698,ATR_TARGET,1.98472567
SLS,2026-05-20T14:45:00-04:00,2026-05-21T09:30:00-04:00,12,9.05668742,8.58935311,-5.60801180,-2.07496436,ATR_STOP,-1.01398790
WTI,2026-05-21T09:45:00-04:00,2026-05-21T11:00:00-04:00,23,4.60345000,4.44591312,-3.62334828,-1.34063886,ATR_STOP,-1.02164033
ERAS,2026-05-20T10:30:00-04:00,2026-05-22T09:30:00-04:00,1,11.01815743,11.46583840,0.44768097,0.16564196,ATR_STOP,0.93657465
SEDG,2026-05-21T11:15:00-04:00,2026-05-22T09:30:00-04:00,1,60.70049125,62.18919970,1.48870845,0.55082213,ATR_STOP,0.40825690
GCTS,2026-05-21T11:45:00-04:00,2026-05-22T09:30:00-04:00,12,3.43757625,3.09713166,-4.08533505,-1.51157397,ATR_STOP,-1.00687505
CMPX,2026-05-21T12:15:00-04:00,2026-05-22T09:30:00-04:00,1,1.98148500,1.90185624,-0.07962876,-0.02946264,ATR_STOP,-1.01825370
PLTR,2026-05-20T14:45:00-04:00,2026-05-22T09:45:00-04:00,6,136.54733375,137.09116759,3.26300305,1.20731113,ATR_STOP,0.31303125
APPS,2026-05-21T09:30:00-04:00,2026-05-22T09:45:00-04:00,215,4.57342750,4.61669996,9.30357880,3.44232416,ATR_STOP,0.27368004
AMC,2026-05-22T09:45:00-04:00,2026-05-22T10:15:00-04:00,1,1.59669662,1.53143762,-0.06525901,-0.02414583,ATR_STOP,-1.01792931
MNTS,2026-05-22T09:45:00-04:00,2026-05-22T10:45:00-04:00,14,7.71578250,7.11381195,-8.42758766,-3.11820744,ATR_STOP,-1.00894919
CMPX,2026-05-22T11:00:00-04:00,2026-05-22T15:00:00-04:00,53,2.02151500,2.07732203,2.95777258,1.09437585,ATR_STOP,0.71981406
PENG,2026-05-22T10:00:00-04:00,2026-05-22T15:30:00-04:00,20,50.89814500,52.68349377,35.70697535,13.21158088,ATR_STOP,0.96365186
INTC,2026-05-22T10:15:00-04:00,2026-05-26T09:30:00-04:00,6,121.79137508,118.36333832,-20.56822051,-7.61024159,ATR_STOP,-1.02660493
SLS,2026-05-22T10:30:00-04:00,2026-05-26T09:30:00-04:00,7,8.21115375,7.58549349,-4.37962179,-1.62046006,ATR_STOP,-1.00918338
SEDG,2026-05-22T15:30:00-04:00,2026-05-26T09:30:00-04:00,1,62.60692000,67.07616610,4.46924610,1.65362106,ATR_TARGET,1.97772149
KTOS,2026-05-26T09:45:00-04:00,2026-05-26T10:30:00-04:00,15,56.84260000,59.17214718,34.94320770,12.92898685,ATR_TARGET,1.96258368
VISN,2026-05-26T09:45:00-04:00,2026-05-26T11:15:00-04:00,1,12.61945750,12.40724819,-0.21220931,-0.07851745,ATR_STOP,-1.04589730
GCTS,2026-05-26T09:45:00-04:00,2026-05-26T15:45:00-04:00,1,3.56267000,3.28308938,-0.27958062,-0.10344483,ATR_STOP,-1.00889216
APPS,2026-05-26T11:30:00-04:00,2026-05-27T09:30:00-04:00,2,4.83862625,6.48513250,3.29301250,1.21841462,TARGET_GAP,9.13640266
CMPX,2026-05-26T15:00:00-04:00,2026-05-27T10:00:00-04:00,1,2.20165000,2.32508490,0.12343490,0.04567091,ATR_TARGET,1.97211819
SOFI,2026-05-26T09:45:00-04:00,2026-05-27T11:15:00-04:00,66,16.02190742,16.32917406,20.27959762,7.50345112,ATR_STOP,0.67982362
SLS,2026-05-27T09:45:00-04:00,2026-05-27T14:00:00-04:00,1,8.41170405,8.54583789,0.13413384,0.04962952,ATR_STOP,0.32131596
ABCL,2026-05-22T09:45:00-04:00,2026-05-27T15:00:00-04:00,1,5.23892625,5.36228818,0.12336193,0.04564392,ATR_STOP,0.58211205
OTLK,2026-05-27T11:30:00-04:00,2026-05-27T15:30:00-04:00,1624,0.46034500,0.56005946,161.93627780,59.91642279,ATR_TARGET,1.99160412
BTU,2026-05-27T14:15:00-04:00,2026-05-28T09:30:00-04:00,2,26.38977750,28.20383125,3.62810750,1.34239977,TARGET_GAP,3.57900237
EOSE,2026-05-27T15:45:00-04:00,2026-05-28T09:30:00-04:00,98,8.61645750,9.20180683,57.36423427,21.22476668,ATR_TARGET,1.97667719
PSNL,2026-05-26T10:45:00-04:00,2026-05-28T09:45:00-04:00,97,9.01675750,9.69510182,65.79939878,24.34577755,ATR_TARGET,1.97877316
VSAT,2026-05-27T12:15:00-04:00,2026-05-29T09:30:00-04:00,3,86.90012625,76.91227250,-29.96356125,-11.08651766,STOP_GAP,-2.42937806
QS,2026-05-27T10:15:00-04:00,2026-05-29T09:30:00-04:00,1,9.10682500,8.70939210,-0.39743290,-0.14705017,ATR_STOP,-1.01672298
CSIQ,2026-05-28T10:00:00-04:00,2026-05-29T09:45:00-04:00,45,20.06003375,20.39469250,15.05964375,5.57206819,STOP_GAP,0.41088677
DDD,2026-05-27T15:30:00-04:00,2026-05-29T10:15:00-04:00,6,3.50282515,3.35311027,-0.89828927,-0.33236703,ATR_STOP,-1.01709750
SGML,2026-05-29T10:30:00-04:00,2026-05-29T11:00:00-04:00,1,16.49736375,17.42671196,0.92934821,0.34385884,ATR_TARGET,1.97224224
RIVN,2026-05-28T10:15:00-04:00,2026-05-29T11:15:00-04:00,1,14.90106743,15.43642598,0.53535855,0.19808266,ATR_TARGET,1.95763370
AMC,2026-05-29T10:00:00-04:00,2026-05-29T11:30:00-04:00,1,1.61621125,1.71448712,0.09827587,0.03636207,ATR_TARGET,1.97415035
ABCL,2026-05-29T11:45:00-04:00,2026-05-29T14:45:00-04:00,2,5.96447000,6.04242942,0.15591883,0.05768997,ATR_STOP,0.37425619
SEDG,2026-05-29T09:45:00-04:00,2026-06-01T09:30:00-04:00,15,77.69823000,73.39491250,-64.54976250,-23.88341212,STOP_GAP,-1.18357490
IAUX,2026-05-29T11:15:00-04:00,2026-06-01T09:30:00-04:00,13,1.64123000,1.57881500,-0.81139500,-0.30021615,STOP_GAP,-1.12626604
VUZI,2026-05-29T11:45:00-04:00,2026-06-01T09:30:00-04:00,1,4.73855125,4.39869850,-0.33985275,-0.12574552,STOP_GAP,-1.35078185
VISN,2026-05-29T15:30:00-04:00,2026-06-01T09:30:00-04:00,1,12.52939000,12.32075250,-0.20863750,-0.07719588,STOP_GAP,-1.55951548
SLS,2026-05-28T09:45:00-04:00,2026-06-01T09:30:00-04:00,103,8.87665250,9.05901377,18.78321058,6.94978791,ATR_STOP,0.45274776
DDD,2026-06-01T09:30:00-04:00,2026-06-01T09:30:00-04:00,332,3.49261750,3.73397083,80.12930428,29.64784258,ATR_TARGET,1.97704270
EVLV,2026-06-01T09:45:00-04:00,2026-06-01T12:15:00-04:00,143,6.56752195,6.58933589,3.11939320,1.15417548,ATR_STOP,0.19400609
PLUG,2026-06-01T13:30:00-04:00,2026-06-02T09:30:00-04:00,1,3.98798875,3.85078575,-0.13720300,-0.05076511,ATR_STOP,-1.02151886
APPS,2026-06-01T09:45:00-04:00,2026-06-02T10:00:00-04:00,129,9.29696750,8.74963758,-70.60556014,-26.12405725,ATR_STOP,-1.01214424
STX,2026-06-01T12:30:00-04:00,2026-06-02T10:15:00-04:00,1,918.87864250,929.20452460,10.32588210,3.82057638,ATR_STOP,0.43166433
NXE,2026-06-02T10:15:00-04:00,2026-06-02T11:30:00-04:00,97,11.90892500,12.46930081,54.35645310,20.11188765,ATR_TARGET,1.96714614
EOSE,2026-06-01T12:45:00-04:00,2026-06-02T13:30:00-04:00,2,8.86164125,9.55503429,1.38678608,0.51311085,ATR_TARGET,1.97952608
MVST,2026-06-02T11:45:00-04:00,2026-06-02T15:45:00-04:00,16,1.59579595,1.52607440,-1.11554478,-0.41275157,ATR_STOP,-1.01670282
QS,2026-06-02T10:45:00-04:00,2026-06-03T09:30:00-04:00,1,9.48210625,9.04321250,-0.43889375,-0.16239069,STOP_GAP,-1.19083463
PLUG,2026-06-02T09:45:00-04:00,2026-06-03T09:30:00-04:00,1,4.13299743,3.95626055,-0.17673688,-0.06539264,ATR_STOP,-1.01708848
RIVN,2026-06-02T10:45:00-04:00,2026-06-03T09:30:00-04:00,52,17.53314000,16.95224346,-30.20662017,-11.17644946,ATR_STOP,-1.02239411
BTU,2026-06-02T11:45:00-04:00,2026-06-03T09:30:00-04:00,39,29.93243250,29.23405440,-27.23674592,-10.07759599,ATR_STOP,-1.03243765
VISN,2026-06-02T15:15:00-04:00,2026-06-03T09:30:00-04:00,1,12.37427375,12.24055710,-0.13371665,-0.04947516,ATR_STOP,-1.07377626
RIVN,2026-06-03T09:45:00-04:00,2026-06-03T10:45:00-04:00,66,17.67324500,17.82603809,10.08434364,3.73120715,ATR_STOP,0.29811761
STX,2026-06-03T11:30:00-04:00,2026-06-03T12:30:00-04:00,1,963.69723125,939.32341200,-24.37381925,-9.01831312,ATR_STOP,-1.02978695
REPL,2026-06-03T09:45:00-04:00,2026-06-03T12:45:00-04:00,98,9.49711750,9.86092232,35.65287250,13.19156283,ATR_STOP,0.66904146
PSNL,2026-06-03T13:45:00-04:00,2026-06-04T09:30:00-04:00,90,10.99824250,10.65950201,-30.48664454,-11.28005848,ATR_STOP,-1.02419009
TWLO,2026-06-03T13:00:00-04:00,2026-06-04T10:30:00-04:00,5,223.90780500,234.71349403,54.02844516,19.99052471,ATR_TARGET,1.96791667
OTLK,2026-06-04T09:45:00-04:00,2026-06-04T12:00:00-04:00,472,0.83902880,0.83985599,0.39043511,0.14446099,ATR_STOP,0.02005401
GME,2026-06-04T11:15:00-04:00,2026-06-04T12:30:00-04:00,50,23.03726500,22.52306005,-25.71024730,-9.51279150,ATR_STOP,-1.03399351
APP,2026-06-04T09:45:00-04:00,2026-06-04T12:45:00-04:00,1,575.93662875,564.43426112,-11.50236763,-4.25587602,ATR_STOP,-1.03823937
AAOI,2026-06-04T13:00:00-04:00,2026-06-04T13:30:00-04:00,6,189.61140198,207.07631082,104.78945309,38.77209764,ATR_TARGET,1.98235858
AMC,2026-06-04T14:00:00-04:00,2026-06-04T14:30:00-04:00,630,1.91253333,1.91299969,0.29380789,0.10870892,ATR_STOP,0.00551516
CGTX,2026-06-03T10:15:00-04:00,2026-06-05T09:30:00-04:00,2,1.40605375,1.32467054,-0.16276642,-0.06022358,ATR_STOP,-1.01236797
SLS,2026-06-04T13:15:00-04:00,2026-06-05T09:45:00-04:00,106,9.09181375,8.77636993,-33.43704505,-12.37170667,ATR_STOP,-1.02132775
APPS,2026-06-04T15:30:00-04:00,2026-06-05T11:30:00-04:00,128,9.38203125,9.02485139,-45.71902258,-16.91603836,ATR_STOP,-1.01933105
TDUP,2026-06-05T11:45:00-04:00,2026-06-05T13:00:00-04:00,243,4.89867125,4.77486461,-30.08501391,-11.13145515,ATR_STOP,-1.02980995
VSXY,2026-06-05T15:45:00-04:00,2026-06-08T09:45:00-04:00,15,74.41076625,78.55811494,62.21023028,23.01778520,ATR_TARGET,1.97196460
OTLK,2026-06-05T15:45:00-04:00,2026-06-08T10:15:00-04:00,1269,0.77928402,0.73947496,-50.51770097,-18.69154936,ATR_STOP,-1.01413924
PENG,2026-06-09T09:45:00-04:00,2026-06-09T10:30:00-04:00,13,67.07026500,64.33194022,-35.59822219,-13.17134221,ATR_STOP,-1.01794961
VSXY,2026-06-09T09:45:00-04:00,2026-06-09T10:45:00-04:00,15,78.40876250,76.11039876,-34.47545615,-12.75591877,ATR_STOP,-1.02548843
REPL,2026-06-09T09:45:00-04:00,2026-06-09T11:30:00-04:00,7,9.00675000,8.70770925,-2.09328524,-0.77451554,ATR_STOP,-1.02234383
TSLZ,2026-06-09T11:15:00-04:00,2026-06-09T12:30:00-04:00,94,12.28720850,13.17596885,83.54347274,30.91108491,ATR_TARGET,1.97799055
CLOV,2026-06-09T13:30:00-04:00,2026-06-10T09:30:00-04:00,270,4.39329250,4.74082788,93.83455334,34.71878473,ATR_TARGET,1.97973025
AMC,2026-06-09T10:45:00-04:00,2026-06-10T09:45:00-04:00,441,1.92644375,2.08761312,71.07569177,26.29800596,ATR_TARGET,1.98074326
WTI,2026-06-10T09:45:00-04:00,2026-06-10T11:00:00-04:00,311,3.99799625,4.24374435,76.42766017,28.27823426,ATR_TARGET,1.97440923
TPET,2026-06-10T10:45:00-04:00,2026-06-10T12:30:00-04:00,3,0.37788320,0.41467648,0.11037983,0.04084054,ATR_TARGET,1.98322356
GME,2026-06-10T12:30:00-04:00,2026-06-11T09:30:00-04:00,56,22.53188625,22.18288351,-19.54415318,-7.23133668,ATR_STOP,-1.05009627
AMC,2026-06-10T10:00:00-04:00,2026-06-11T10:30:00-04:00,432,2.08156000,2.29707317,93.10168834,34.44762469,ATR_TARGET,1.98412705
ERAS,2026-06-10T09:30:00-04:00,2026-06-11T15:30:00-04:00,6,13.32999000,14.11917594,4.73511565,1.75199279,ATR_TARGET,1.97349950
AMC,2026-06-12T10:30:00-04:00,2026-06-12T13:45:00-04:00,412,2.37678125,2.24178536,-55.61830534,-20.57877298,ATR_STOP,-1.01262141
INTC,2026-06-12T09:45:00-04:00,2026-06-15T09:30:00-04:00,11,119.16430625,129.39288250,112.51433875,41.63030534,TARGET_GAP,2.26277770
CLOV,2026-06-15T09:30:00-04:00,2026-06-15T09:30:00-04:00,285,4.72354000,4.57214764,-43.14682361,-15.96432473,ATR_STOP,-1.02319322
VISN,2026-06-12T15:45:00-04:00,2026-06-15T09:45:00-04:00,74,12.72453625,12.76042250,2.65558250,0.98256552,STOP_GAP,0.20415302
OTLK,2026-06-15T09:45:00-04:00,2026-06-15T11:00:00-04:00,5,1.31888843,1.18406604,-0.67411195,-0.24942142,ATR_STOP,-1.00663549
AMC,2026-06-15T09:45:00-04:00,2026-06-16T09:30:00-04:00,561,2.36177000,2.21833500,-80.46703500,-29.77280295,STOP_GAP,-1.25950030
ERAS,2026-06-16T09:30:00-04:00,2026-06-16T09:30:00-04:00,88,14.44082250,14.12386145,-27.89257277,-10.32025193,ATR_STOP,-1.03460256
MRNA,2026-06-16T09:45:00-04:00,2026-06-16T10:30:00-04:00,23,52.71951000,52.62050500,-2.27711500,-0.84253255,STOP_GAP,-0.08026337
ADMA,2026-06-15T09:45:00-04:00,2026-06-16T10:45:00-04:00,116,8.35626250,8.45965838,11.99392218,4.43775121,ATR_STOP,0.67316417
OTLK,2026-06-16T09:45:00-04:00,2026-06-16T11:00:00-04:00,37,1.24593375,1.47279248,8.39377291,3.10569598,ATR_TARGET,1.99030178
BE,2026-06-16T11:15:00-04:00,2026-06-16T15:15:00-04:00,4,297.09765625,282.99665163,-56.40401846,-20.86948683,ATR_STOP,-1.01529361
CLOV,2026-06-15T12:15:00-04:00,2026-06-17T09:45:00-04:00,1,4.91868625,4.74914286,-0.16954339,-0.06273105,ATR_STOP,-1.02147581
DDD,2026-06-16T14:00:00-04:00,2026-06-17T10:00:00-04:00,3,3.25744125,3.45195161,0.58353108,0.21590650,ATR_TARGET,1.97370989
VISN,2026-06-17T10:15:00-04:00,2026-06-17T10:30:00-04:00,1,12.78458125,12.60562980,-0.17895145,-0.06621204,ATR_STOP,-1.05582224
AMC,2026-06-16T15:30:00-04:00,2026-06-17T11:15:00-04:00,459,2.51278318,2.72000087,95.11292008,35.19178043,ATR_TARGET,1.98048801
SOFI,2026-06-16T12:45:00-04:00,2026-06-17T13:00:00-04:00,6,17.83326493,18.63302464,4.79855832,1.77546658,ATR_TARGET,1.96562742
PRCH,2026-06-17T12:00:00-04:00,2026-06-17T15:00:00-04:00,102,11.83386875,12.54653008,72.69145572,26.89583862,ATR_TARGET,1.97391707
ACHR,2026-06-17T12:15:00-04:00,2026-06-17T15:00:00-04:00,1,5.63922625,5.44650592,-0.19272033,-0.07130652,ATR_STOP,-1.02167149
SOFI,2026-06-17T13:15:00-04:00,2026-06-17T15:00:00-04:00,6,18.62896125,18.17842466,-2.70321951,-1.00019122,ATR_STOP,-1.03122977
ERAS,2026-06-17T11:00:00-04:00,2026-06-17T15:15:00-04:00,1,14.54089750,14.03390597,-0.50699153,-0.18758687,ATR_STOP,-1.02121695
OTLK,2026-06-16T12:15:00-04:00,2026-06-17T15:30:00-04:00,619,1.50612875,1.57254295,41.11039166,15.21084492,ATR_STOP,0.42761644
MU,2026-06-17T15:15:00-04:00,2026-06-17T15:30:00-04:00,1,1093.61960000,1053.24842100,-40.37117900,-14.93733623,ATR_STOP,-1.01997262
BE,2026-06-18T09:45:00-04:00,2026-06-22T09:30:00-04:00,4,303.87773750,331.94636803,112.27452210,41.54157318,ATR_TARGET,1.98240352
TNYA,2026-06-18T13:45:00-04:00,2026-06-22T09:30:00-04:00,1,0.71163332,0.71565344,0.00402012,0.00148744,ATR_STOP,0.18566826
AMD,2026-06-22T09:45:00-04:00,2026-06-22T10:15:00-04:00,2,542.35646250,547.00174576,9.29056652,3.43750961,ATR_STOP,0.36699496
CLOV,2026-06-18T09:45:00-04:00,2026-06-22T10:30:00-04:00,223,4.93870125,5.07550896,30.50811900,11.28800403,ATR_STOP,0.90957747
INTC,2026-06-22T09:45:00-04:00,2026-06-23T09:30:00-04:00,1,137.01268250,129.61271750,-7.39996500,-2.73798705,STOP_GAP,-1.42004254
ABCL,2026-06-22T09:45:00-04:00,2026-06-23T09:30:00-04:00,11,5.75601377,5.47589000,-3.08136152,-1.14010376,STOP_GAP,-1.50915369
OTLK,2026-06-22T09:45:00-04:00,2026-06-23T09:30:00-04:00,1,1.63622625,1.73869500,0.10246875,0.03791344,STOP_GAP,0.73063127
ERAS,2026-06-22T11:15:00-04:00,2026-06-23T11:15:00-04:00,95,14.70171802,15.18521095,45.93182797,16.99477635,ATR_STOP,0.86049697
BBBY,2026-06-23T09:45:00-04:00,2026-06-23T12:00:00-04:00,1,6.64498000,6.32617681,-0.31880319,-0.11795718,ATR_STOP,-1.01511899
MVST,2026-06-23T10:00:00-04:00,2026-06-24T09:30:00-04:00,3,1.28096000,1.22847304,-0.15746088,-0.05826053,ATR_STOP,-1.01788127
TNYA,2026-06-23T13:15:00-04:00,2026-06-24T10:00:00-04:00,1889,0.74565883,0.74669996,1.96670765,0.72768183,ATR_STOP,0.03826130
OTLK,2026-06-24T10:00:00-04:00,2026-06-24T10:00:00-04:00,1,1.76061948,1.64373667,-0.11688280,-0.04324664,ATR_STOP,-1.01066786
BBBY,2026-06-23T15:15:00-04:00,2026-06-24T10:15:00-04:00,3,6.53489750,6.67041324,0.40654723,0.15042248,ATR_STOP,0.54032935
ADMA,2026-06-22T12:00:00-04:00,2026-06-24T13:00:00-04:00,95,8.57142375,8.73469142,15.51042869,5.73885862,ATR_STOP,0.89322034
BE,2026-06-24T10:45:00-04:00,2026-06-24T13:15:00-04:00,4,341.14566750,322.50873789,-74.54771842,-27.58265582,ATR_STOP,-1.01315927
PSNL,2026-06-24T13:30:00-04:00,2026-06-24T14:45:00-04:00,126,10.95821250,11.01630809,7.32004404,2.70841629,ATR_STOP,0.15235114
TSLQ,2026-06-24T15:15:00-04:00,2026-06-25T09:30:00-04:00,64,21.51612500,20.96092017,-35.53310921,-13.14725041,ATR_STOP,-1.02916274
MRNA,2026-06-23T09:45:00-04:00,2026-06-25T09:45:00-04:00,3,61.72626000,59.23118189,-7.48523434,-2.76953671,ATR_STOP,-1.01814100
OTLK,2026-06-25T09:45:00-04:00,2026-06-25T09:45:00-04:00,7,1.70127500,1.60252042,-0.69128207,-0.25577437,ATR_STOP,-1.01232978
TSLQ,2026-06-25T10:00:00-04:00,2026-06-25T10:00:00-04:00,8,21.74629750,21.04581192,-5.60388460,-2.07343730,ATR_STOP,-1.02307062
BE,2026-06-25T09:45:00-04:00,2026-06-25T10:15:00-04:00,4,337.75312500,319.91991904,-71.33282384,-26.39314482,ATR_STOP,-1.01364855
OLMA,2026-06-24T11:15:00-04:00,2026-06-25T11:45:00-04:00,6,11.29846750,11.37151494,0.43828463,0.16216531,ATR_STOP,0.18507208
SLS,2026-06-25T10:15:00-04:00,2026-06-25T12:30:00-04:00,3,9.67725250,10.50087889,2.47087916,0.91422529,ATR_TARGET,1.98104271
ABCL,2026-06-25T10:30:00-04:00,2026-06-26T09:30:00-04:00,204,6.39979625,6.48513250,17.40859500,6.44118015,STOP_GAP,0.23676587
APPS,2026-06-25T15:45:00-04:00,2026-06-26T09:30:00-04:00,9,10.27269875,9.92909208,-3.09246001,-1.14421020,ATR_STOP,-1.02216961
ERAS,2026-06-26T09:30:00-04:00,2026-06-26T10:45:00-04:00,88,14.93119000,15.04672798,10.16734228,3.76191664,ATR_STOP,0.29240250
CLOV,2026-06-24T09:45:00-04:00,2026-06-26T11:45:00-04:00,1,5.15386250,5.46828735,0.31442485,0.11633719,ATR_TARGET,1.97422971
PRME,2026-06-26T09:45:00-04:00,2026-06-26T12:00:00-04:00,7,3.26244500,3.30114252,0.27088264,0.10022658,ATR_STOP,0.31758602
PRCH,2026-06-25T09:30:00-04:00,2026-06-26T12:15:00-04:00,57,13.15986250,13.42637822,15.19139614,5.62081657,ATR_STOP,0.75200456
ALKS,2026-06-25T10:15:00-04:00,2026-06-26T13:00:00-04:00,3,52.64945750,54.05178250,4.20697499,1.55658075,ATR_STOP,1.03936939
FROG,2026-06-26T09:45:00-04:00,2026-06-26T15:00:00-04:00,1,80.84058500,84.62102057,3.78043557,1.39876116,ATR_TARGET,1.96695409
APPS,2026-06-26T11:00:00-04:00,2026-06-29T09:30:00-04:00,123,10.73804750,11.65918398,113.29978701,41.92092119,ATR_TARGET,1.98117847
SLS,2026-06-26T15:15:00-04:00,2026-06-29T09:30:00-04:00,7,12.30922500,13.45516513,8.02158088,2.96798492,ATR_TARGET,1.98252836
QS,2026-06-29T09:45:00-04:00,2026-06-29T10:00:00-04:00,193,7.39554250,7.17922854,-41.74859400,-15.44697978,ATR_STOP,-1.02554676
CLOV,2026-06-29T09:45:00-04:00,2026-06-29T10:00:00-04:00,10,5.51413250,5.36559430,-1.48538196,-0.54959132,ATR_STOP,-1.02786789
ERAS,2026-06-26T13:45:00-04:00,2026-06-29T10:15:00-04:00,61,15.40654625,16.35162389,57.64973626,21.33040242,ATR_TARGET,1.97436065
PSNL,2026-06-29T10:15:00-04:00,2026-06-29T11:00:00-04:00,107,13.06979500,13.34981649,29.96229996,11.08605098,ATR_STOP,0.47385252
CMPX,2026-06-29T09:30:00-04:00,2026-06-30T10:45:00-04:00,2,2.08156000,2.19560509,0.22809017,0.08439336,ATR_TARGET,1.97151186
IVVD,2026-06-29T10:30:00-04:00,2026-06-30T12:15:00-04:00,61,0.93490065,0.89663920,-2.33394820,-0.86356083,ATR_STOP,-1.01790401
MRNA,2026-06-29T10:30:00-04:00,2026-06-30T13:30:00-04:00,14,69.84374355,71.22641564,19.35740925,7.16224142,ATR_STOP,0.48561217
CLOV,2026-06-30T14:45:00-04:00,2026-06-30T15:30:00-04:00,185,5.33669953,5.23858347,-18.15147092,-6.71604424,ATR_STOP,-1.04174679
CMPX,2026-06-30T12:45:00-04:00,2026-07-01T09:30:00-04:00,29,2.23667625,2.17000164,-1.93356367,-0.71541856,ATR_STOP,-1.02503960
VSAT,2026-06-30T15:45:00-04:00,2026-07-01T11:30:00-04:00,11,88.98669000,89.03087889,0.48607779,0.17984878,ATR_STOP,0.01402476
QS,2026-06-29T13:15:00-04:00,2026-07-01T14:00:00-04:00,188,7.50562500,7.66479628,29.92420016,11.07195406,ATR_STOP,0.68716842
ASTS,2026-07-01T12:15:00-04:00,2026-07-01T15:30:00-04:00,10,91.12829500,86.71536509,-44.12929910,-16.32784067,ATR_STOP,-1.01496956
PRME,2026-07-01T15:30:00-04:00,2026-07-02T09:45:00-04:00,3,3.79784625,4.06462651,0.80034078,0.29612609,ATR_TARGET,1.97738764
PRCH,2026-07-01T13:30:00-04:00,2026-07-02T10:15:00-04:00,4,15.67674875,16.42145049,2.97880695,1.10215857,ATR_TARGET,1.96743754
APPS,2026-07-01T14:15:00-04:00,2026-07-02T12:30:00-04:00,107,13.32498625,12.91256383,-44.12919889,-16.32780359,ATR_STOP,-1.02406494
ADMA,2026-07-02T09:45:00-04:00,2026-07-02T13:00:00-04:00,99,8.75656250,8.83305313,7.57257263,2.80185187,ATR_STOP,0.50047610
CLOV,2026-07-01T10:45:00-04:00,2026-07-02T13:15:00-04:00,1,5.38903875,5.24117528,-0.14786347,-0.05470948,ATR_STOP,-1.02733163
SOXS,2026-07-02T10:30:00-04:00,2026-07-02T13:30:00-04:00,1,41.13082500,46.26176072,5.13093572,1.89844622,ATR_TARGET,1.98655646
ABCL,2026-07-02T10:00:00-04:00,2026-07-06T09:30:00-04:00,2,8.05603750,7.72739182,-0.65729135,-0.24319780,ATR_STOP,-1.01796490
FROG,2026-07-02T13:15:00-04:00,2026-07-06T09:30:00-04:00,14,95.35146000,92.47834682,-40.22358458,-14.88272630,ATR_STOP,-1.02475684
SLS,2026-07-02T15:30:00-04:00,2026-07-06T10:15:00-04:00,67,14.87614875,14.16468984,-47.66774730,-17.63706650,ATR_STOP,-1.01516991
SOFI,2026-07-06T09:45:00-04:00,2026-07-07T09:30:00-04:00,71,18.82410750,18.33985289,-34.38207735,-12.72136862,ATR_STOP,-1.02925722
TSLL,2026-07-06T10:30:00-04:00,2026-07-07T09:30:00-04:00,74,13.05948728,13.57973591,38.49839921,14.24440771,ATR_STOP,0.94736133
CMPX,2026-07-06T13:15:00-04:00,2026-07-07T09:30:00-04:00,1,2.26669875,2.20298293,-0.06371582,-0.02357486,ATR_STOP,-1.02664220
PLTR,2026-07-07T09:45:00-04:00,2026-07-07T13:30:00-04:00,10,133.68518875,138.44474072,47.59551970,17.61034229,ATR_TARGET,1.95726852
PLTR,2026-07-07T13:45:00-04:00,2026-07-07T15:15:00-04:00,9,138.70395000,135.70058915,-27.03024768,-10.00119164,ATR_STOP,-1.03510305
BTE,2026-07-07T10:30:00-04:00,2026-07-08T09:30:00-04:00,245,3.95796625,4.11691000,38.94121875,14.40825094,TARGET_GAP,2.30090197
WTI,2026-07-07T15:00:00-04:00,2026-07-08T09:30:00-04:00,35,3.36241993,3.55733000,6.82185262,2.52408547,TARGET_GAP,2.55565929
TNYA,2026-07-07T11:45:00-04:00,2026-07-08T09:30:00-04:00,2,0.90657943,0.85601574,-0.10112737,-0.03741713,ATR_STOP,-1.01287016
TPET,2026-07-08T09:30:00-04:00,2026-07-08T09:30:00-04:00,4142,0.33785320,0.32190961,-66.03835326,-24.43419071,ATR_STOP,-1.01538745
ERAS,2026-07-08T09:45:00-04:00,2026-07-08T10:15:00-04:00,72,18.86413750,18.25941054,-43.54034089,-16.10992613,ATR_STOP,-1.02318836
REPL,2026-07-01T09:45:00-04:00,2026-07-08T10:45:00-04:00,5,11.45858750,11.00192083,-2.28333335,-0.84483334,ATR_STOP,-1.01841540
NIO,2026-07-08T14:00:00-04:00,2026-07-09T09:30:00-04:00,1,4.94370500,4.84636250,-0.09734250,-0.03601672,STOP_GAP,-1.37552691
PSNL,2026-07-08T13:30:00-04:00,2026-07-09T09:30:00-04:00,99,13.63021500,14.68512464,104.43605436,38.64134011,ATR_TARGET,1.97931929
TNYA,2026-07-08T15:30:00-04:00,2026-07-09T12:15:00-04:00,2,0.90898123,0.87249877,-0.07296492,-0.02699702,ATR_STOP,-1.01827824
OTLK,2026-07-09T10:00:00-04:00,2026-07-09T12:45:00-04:00,14,1.82126493,1.69107338,-1.82268158,-0.67439218,ATR_STOP,-1.00984513
ERAS,2026-07-09T09:45:00-04:00,2026-07-09T15:45:00-04:00,73,19.09431000,19.52709184,31.59307417,11.68943744,ATR_STOP,0.70918240
SOFI,2026-07-09T13:45:00-04:00,2026-07-10T09:30:00-04:00,1,18.46884125,19.15318971,0.68434846,0.25320893,ATR_TARGET,1.95885165
IAUX,2026-07-09T15:30:00-04:00,2026-07-10T09:30:00-04:00,6,1.45609125,1.41962051,-0.21882444,-0.08096504,ATR_STOP,-1.03009484
DDD,2026-07-10T13:00:00-04:00,2026-07-10T14:00:00-04:00,5,3.22741875,3.13665993,-0.45379408,-0.16790381,ATR_STOP,-1.02663054
RIVN,2026-07-10T09:45:00-04:00,2026-07-10T15:15:00-04:00,11,18.39878875,17.88040139,-5.70226101,-2.10983657,ATR_STOP,-1.02657672
TSLA,2026-07-10T09:45:00-04:00,2026-07-13T09:30:00-04:00,3,408.19591750,401.63858359,-19.67200174,-7.27864064,ATR_STOP,-1.04818748
GDS,2026-07-08T13:45:00-04:00,2026-07-13T09:45:00-04:00,1,32.77456250,32.09903617,-0.67552633,-0.24994474,ATR_STOP,-1.03698356
PSNL,2026-07-13T10:15:00-04:00,2026-07-13T10:30:00-04:00,3,14.77107000,15.99868021,3.68283062,1.36264733,ATR_TARGET,1.98062627
GME,2026-07-13T11:30:00-04:00,2026-07-13T13:15:00-04:00,2,22.33173625,22.04195254,-0.57956742,-0.21443995,ATR_STOP,-1.06054707
TNYA,2026-07-10T14:30:00-04:00,2026-07-13T13:45:00-04:00,19,0.86184590,0.82281854,-0.74151975,-0.27436231,ATR_STOP,-1.01607864
BTE,2026-07-08T09:45:00-04:00,2026-07-13T14:45:00-04:00,232,4.08396068,4.26245638,41.41100242,15.32207090,ATR_TARGET,1.96478447
AMC,2026-07-13T15:15:00-04:00,2026-07-14T11:15:00-04:00,549,1.89121735,2.00421574,62.03611426,22.95336228,ATR_TARGET,1.97372481
TSLQ,2026-07-13T09:45:00-04:00,2026-07-15T09:30:00-04:00,78,17.89341000,17.26322337,-49.15455746,-18.18718626,ATR_STOP,-1.02099241
WTI,2026-07-15T09:45:00-04:00,2026-07-15T10:00:00-04:00,379,3.59769625,3.51884841,-29.88333106,-11.05683249,ATR_STOP,-1.03465727
SOXS,2026-07-15T10:30:00-04:00,2026-07-15T13:15:00-04:00,29,45.70425250,47.01994899,38.15519817,14.11742332,ATR_STOP,0.48658626
GDS,2026-07-15T14:00:00-04:00,2026-07-15T15:00:00-04:00,40,33.65522250,33.08617523,-22.76189093,-8.42189964,ATR_STOP,-1.04563142
TNYA,2026-07-14T11:30:00-04:00,2026-07-16T09:30:00-04:00,1258,0.85674207,0.80939250,-59.56576535,-22.03933318,STOP_GAP,-1.23541741
PSNL,2026-07-15T14:45:00-04:00,2026-07-16T09:30:00-04:00,1,15.52413437,15.04648711,-0.47764727,-0.17672949,ATR_STOP,-1.02421623
AMC,2026-07-16T09:30:00-04:00,2026-07-16T09:45:00-04:00,505,2.06154500,1.98473361,-38.78975326,-14.35220871,ATR_STOP,-1.01977739
SOXS,2026-07-16T12:15:00-04:00,2026-07-17T09:30:00-04:00,19,52.23915000,58.54605750,119.83124250,44.33755973,TARGET_GAP,2.11760869
WTI,2026-07-17T09:45:00-04:00,2026-07-17T10:15:00-04:00,311,3.47260250,3.38125263,-28.40980808,-10.51162899,ATR_STOP,-1.02857544
PSNL,2026-07-16T15:30:00-04:00,2026-07-17T11:00:00-04:00,2,15.30146750,15.47014569,0.33735638,0.12482186,ATR_STOP,0.24996675
RIVN,2026-07-20T09:45:00-04:00,2026-07-20T10:00:00-04:00,61,17.81835375,17.39611679,-25.75645483,-9.52988829,ATR_STOP,-1.03190986
BILL,2026-07-15T15:45:00-04:00,2026-07-20T11:45:00-04:00,30,44.63345000,46.13638384,45.08801532,16.68256567,ATR_TARGET,1.95495693
TSLZ,2026-07-20T10:15:00-04:00,2026-07-21T10:00:00-04:00,84,12.76957000,12.39638093,-31.34788189,-11.59871630,ATR_STOP,-1.02556926
AMC,2026-07-20T12:30:00-04:00,2026-07-21T15:45:00-04:00,572,2.39679625,2.21376129,-104.69599983,-38.73751994,ATR_STOP,-1.00916103
CLOV,2026-07-21T15:45:00-04:00,2026-07-22T10:30:00-04:00,1,4.79359250,4.71294093,-0.08065157,-0.02984108,ATR_STOP,-1.04587168
BTE,2026-07-22T09:45:00-04:00,2026-07-22T13:45:00-04:00,303,4.31263205,4.24366962,-20.89561762,-7.73137852,ATR_STOP,-1.04842311
CLOV,2026-07-22T12:30:00-04:00,2026-07-22T15:15:00-04:00,1,4.82861875,4.72660045,-0.10201830,-0.03774677,ATR_STOP,-1.03602708
REPL,2026-07-21T15:45:00-04:00,2026-07-22T15:45:00-04:00,95,10.99824250,10.72283966,-26.16327001,-9.68040990,ATR_STOP,-1.03010296
TSLZ,2026-07-22T14:00:00-04:00,2026-07-23T09:30:00-04:00,102,12.63947250,15.00373875,241.15515750,89.22740827,TARGET_GAP,10.94158967
BTE,2026-07-22T15:45:00-04:00,2026-07-23T10:30:00-04:00,2,4.32324000,4.44426548,0.24205096,0.08955885,ATR_TARGET,1.94635463
STX,2026-07-23T09:45:00-04:00,2026-07-23T11:00:00-04:00,1,933.68974250,912.30092554,-21.38881696,-7.91386227,ATR_STOP,-1.03307268
ACHR,2026-07-23T09:45:00-04:00,2026-07-23T11:00:00-04:00,15,5.28896375,5.10051561,-2.82672212,-1.04588719,ATR_STOP,-1.02073589
SLS,2026-07-23T14:00:00-04:00,2026-07-23T15:15:00-04:00,78,12.83962250,12.38953964,-35.10646346,-12.98939148,ATR_STOP,-1.02109681
WTI,2026-07-23T09:45:00-04:00,2026-07-24T09:30:00-04:00,370,3.88791375,3.74718750,-52.06871250,-19.26542363,STOP_GAP,-1.25882271
AMC,2026-07-24T09:30:00-04:00,2026-07-24T12:30:00-04:00,612,2.28171000,2.33771941,34.27775770,12.68277035,ATR_STOP,0.63328444
ERAS,2026-07-24T12:00:00-04:00,2026-07-24T14:30:00-04:00,2,19.76481250,19.27823544,-0.97315412,-0.36006702,ATR_STOP,-1.03064880
SOXS,2026-07-24T10:00:00-04:00,2026-07-27T10:15:00-04:00,19,50.26767250,56.06591659,110.16663773,40.76165596,ATR_TARGET,1.98558950
FIVN,2026-07-27T12:45:00-04:00,2026-07-28T09:30:00-04:00,41,25.16886250,26.50117868,54.62496341,20.21123646,ATR_TARGET,1.97058024
TSLQ,2026-07-28T09:45:00-04:00,2026-07-28T12:00:00-04:00,37,28.37126250,27.41958119,-35.21220865,-13.02851720,ATR_STOP,-1.02210299
AMC,2026-07-27T15:00:00-04:00,2026-07-28T13:45:00-04:00,3,2.42681875,2.61426580,0.56234114,0.20806622,ATR_TARGET,1.97928115
GME,2026-07-28T15:00:00-04:00,2026-07-29T09:30:00-04:00,47,22.17662000,21.95859655,-10.24710202,-3.79142775,ATR_STOP,-1.08177599
SOXS,2026-07-29T10:00:00-04:00,2026-07-29T14:00:00-04:00,15,67.10028750,68.45178119,20.27240536,7.50078998,ATR_STOP,0.30667471
TSLZ,2026-07-27T10:45:00-04:00,2026-07-30T09:30:00-04:00,80,18.03351500,18.22632000,15.42440000,5.70702800,STOP_GAP,0.27806030
TSLQ,2026-07-29T10:30:00-04:00,2026-07-30T09:30:00-04:00,1,28.74154000,27.79080772,-0.95073228,-0.35177094,ATR_STOP,-1.02243181
BILL,2026-07-29T14:15:00-04:00,2026-07-30T09:30:00-04:00,21,47.82584250,47.05057817,-16.28055103,-6.02380388,ATR_STOP,-1.04772542
AMC,2026-07-29T15:00:00-04:00,2026-07-30T09:30:00-04:00,9,2.76207000,2.65068682,-1.00244859,-0.37090598,ATR_STOP,-1.01818668
FIVN,2026-07-31T09:45:00-04:00,2026-07-31T10:15:00-04:00,52,28.11106750,27.39867101,-37.04461735,-13.70650842,ATR_STOP,-1.02972459
TSLQ,2026-07-31T10:00:00-04:00,2026-07-31T15:45:00-04:00,36,27.98097000,26.91894185,-38.23301340,-14.14621496,ATR_STOP,-1.01939326
GME,2026-07-31T13:00:00-04:00,2026-08-03T09:30:00-04:00,66,21.82635750,20.44465500,-91.19236500,-33.74117505,STOP_GAP,-7.80111205
AMC,2026-07-31T14:00:00-04:00,2026-08-03T09:30:00-04:00,2,2.79209250,2.96429053,0.34439607,0.12742655,ATR_TARGET,1.97448860
NIO,2026-08-03T09:30:00-04:00,2026-08-03T09:45:00-04:00,288,4.85363750,4.78449386,-19.91336900,-7.36794653,ATR_STOP,-1.05478143
BIDU,2026-08-03T09:30:00-04:00,2026-08-03T09:45:00-04:00,8,111.46353500,113.81116473,18.78103786,6.94898401,ATR_TARGET,1.92978166
QUBT,2026-08-03T09:45:00-04:00,2026-08-03T12:15:00-04:00,10,8.22616500,8.69759807,4.71433072,1.74430237,ATR_TARGET,1.97268358
NXE,2026-07-31T14:00:00-04:00,2026-08-03T14:00:00-04:00,1,9.22191125,9.62367481,0.40176356,0.14865252,ATR_TARGET,1.96467771
APPS,2026-08-03T13:15:00-04:00,2026-08-04T09:30:00-04:00,111,8.76657000,9.27194874,56.09704049,20.75590498,ATR_TARGET,1.97283363
REPL,2026-08-03T15:00:00-04:00,2026-08-04T09:45:00-04:00,1,12.46934500,12.69085080,0.22150580,0.08195715,ATR_STOP,0.26474684
VSAT,2026-08-04T09:45:00-04:00,2026-08-05T09:30:00-04:00,12,83.20235500,77.33195750,-70.44477000,-26.06456490,STOP_GAP,-1.86074060
IAUX,2026-08-04T13:00:00-04:00,2026-08-05T09:30:00-04:00,3,1.41606125,1.49887500,0.24844125,0.09192326,TARGET_GAP,1.99986687
NXE,2026-08-04T09:45:00-04:00,2026-08-05T09:30:00-04:00,1,9.70727500,10.08732973,0.38005473,0.14062025,ATR_TARGET,1.96093566
PRME,2026-08-05T09:30:00-04:00,2026-08-05T09:30:00-04:00,321,2.98223500,2.90975364,-23.26651740,-8.60861144,ATR_STOP,-1.03106734
PRME,2026-08-05T10:00:00-04:00,2026-08-05T15:00:00-04:00,2,2.99224250,3.03439392,0.08430284,0.03119205,ATR_STOP,0.46021544
BE,2026-08-05T09:45:00-04:00,2026-08-06T09:30:00-04:00,4,236.89754000,222.83275000,-56.25916000,-20.81588920,STOP_GAP,-1.43071441
QS,2026-08-04T11:15:00-04:00,2026-08-06T09:30:00-04:00,2,5.56917375,5.41406635,-0.31021480,-0.59600402,ATR_STOP,-1.02690344
TNYA,2026-08-05T11:45:00-04:00,2026-08-06T09:30:00-04:00,1,0.80500330,0.77760662,-0.02739668,-0.01013677,ATR_STOP,-1.02176712
ACHR,2026-08-05T15:15:00-04:00,2026-08-06T09:30:00-04:00,1,5.23892625,5.11791194,-0.12101431,-0.04477530,ATR_STOP,-1.03278328
APPS,2026-08-06T09:30:00-04:00,2026-08-06T09:30:00-04:00,72,12.97972750,12.21595275,-54.99178196,-20.34695932,ATR_STOP,-1.01215050
REPL,2026-08-06T09:45:00-04:00,2026-08-06T15:45:00-04:00,1,12.16021332,13.18931911,1.02910578,0.38076914,ATR_TARGET,1.98094444
APPS,2026-08-07T09:30:00-04:00,2026-08-07T09:45:00-04:00,1,14.39078500,14.50548531,0.11470031,0.04243912,ATR_STOP,0.16955378
IVVD,2026-08-06T11:30:00-04:00,2026-08-07T10:45:00-04:00,6,0.66009470,0.71118326,0.30653136,0.11341660,ATR_TARGET,1.97931951
PSNL,2026-08-03T11:45:00-04:00,2026-08-07T14:15:00-04:00,105,13.30997500,14.15990908,89.24307847,33.01993903,ATR_TARGET,1.97530009
MVST,2026-08-07T11:00:00-04:00,2026-08-07T15:00:00-04:00,2,0.83762775,0.89717110,0.11908669,0.04406208,ATR_TARGET,1.97763468
KTOS,2026-08-06T09:45:00-04:00,2026-08-07T15:45:00-04:00,16,56.89263750,60.74760510,61.67948160,22.82140819,END_OF_TEST,1.78384799
SLS,2026-08-07T10:00:00-04:00,2026-08-07T15:45:00-04:00,1,12.03221740,12.00099250,-0.03122490,-0.01155321,END_OF_TEST,-0.08658689
NIO,2026-08-07T11:00:00-04:00,2026-08-07T15:45:00-04:00,1,4.75456325,4.72645250,-0.02811075,-0.01040098,END_OF_TEST,-0.32866951
OTLK,2026-08-07T14:30:00-04:00,2026-08-07T15:45:00-04:00,1390,1.01075750,1.02922750,25.67330000,9.49912100,END_OF_TEST,0.43158900
SOFI,2026-08-07T15:00:00-04:00,2026-08-07T15:45:00-04:00,2,18.32873625,18.37121125,0.08495000,0.03143150,END_OF_TEST,0.18413091
ABCL,2026-08-07T15:15:00-04:00,2026-08-07T15:45:00-04:00,2,6.76006625,6.92979875,0.33946500,0.12560205,END_OF_TEST,0.92292153
